-- phpMyAdmin SQL Dump
-- version 5.0.2
-- https://www.phpmyadmin.net/
--
-- Host: localhost
-- Generation Time: May 09, 2020 at 03:50 AM
-- Server version: 10.4.11-MariaDB
-- PHP Version: 7.4.4

SET SQL_MODE = "NO_AUTO_VALUE_ON_ZERO";
START TRANSACTION;
SET time_zone = "+00:00";


/*!40101 SET @OLD_CHARACTER_SET_CLIENT=@@CHARACTER_SET_CLIENT */;
/*!40101 SET @OLD_CHARACTER_SET_RESULTS=@@CHARACTER_SET_RESULTS */;
/*!40101 SET @OLD_COLLATION_CONNECTION=@@COLLATION_CONNECTION */;
/*!40101 SET NAMES utf8mb4 */;

--
-- Database: `aeoms`
--

-- --------------------------------------------------------

--
-- Table structure for table `admin`
--

CREATE TABLE `admin` (
  `id` int(11) NOT NULL,
  `fname` varchar(255) NOT NULL,
  `lname` varchar(255) NOT NULL,
  `username` varchar(255) NOT NULL,
  `password` text NOT NULL,
  `image` varchar(255) NOT NULL,
  `created_at` timestamp NOT NULL DEFAULT current_timestamp(),
  `updated_at` timestamp NOT NULL DEFAULT current_timestamp() ON UPDATE current_timestamp()
) ENGINE=InnoDB DEFAULT CHARSET=utf8mb4;

--
-- Dumping data for table `admin`
--

INSERT INTO `admin` (`id`, `fname`, `lname`, `username`, `password`, `image`, `created_at`, `updated_at`) VALUES
(1, 'Ricardo', 'Dalisay', 'admin', '$2y$10$yirlENJgmzhBdjerf5ABveFoc1N6gVnO/2VMy2zPM1nHsBdFLnu9u', 'default.jpg', '2020-05-07 13:33:13', '2020-05-07 13:33:13');

-- --------------------------------------------------------

--
-- Table structure for table `notification`
--

CREATE TABLE `notification` (
  `id` int(11) NOT NULL,
  `title` varchar(255) NOT NULL,
  `message` text NOT NULL,
  `target_id` int(11) NOT NULL,
  `level` int(11) NOT NULL DEFAULT 1,
  `is_read` int(11) NOT NULL DEFAULT 0,
  `created_at` timestamp NOT NULL DEFAULT current_timestamp(),
  `updated_at` timestamp NOT NULL DEFAULT current_timestamp() ON UPDATE current_timestamp()
) ENGINE=InnoDB DEFAULT CHARSET=utf8mb4;

--
-- Dumping data for table `notification`
--

INSERT INTO `notification` (`id`, `title`, `message`, `target_id`, `level`, `is_read`, `created_at`, `updated_at`) VALUES
(1, 'sample', 'sample', 102, 1, 0, '2020-05-07 13:21:43', '2020-05-07 13:21:43');

-- --------------------------------------------------------

--
-- Table structure for table `participants`
--

CREATE TABLE `participants` (
  `id` int(11) NOT NULL,
  `training_id` int(11) NOT NULL,
  `student_id` int(11) NOT NULL,
  `approved` int(11) NOT NULL,
  `created_at` timestamp NOT NULL DEFAULT current_timestamp(),
  `updated_at` timestamp NOT NULL DEFAULT current_timestamp() ON UPDATE current_timestamp()
) ENGINE=InnoDB DEFAULT CHARSET=utf8mb4;

--
-- Dumping data for table `participants`
--

INSERT INTO `participants` (`id`, `training_id`, `student_id`, `approved`, `created_at`, `updated_at`) VALUES
(3, 2, 100, 1, '2020-05-07 12:02:31', '2020-05-07 12:02:31'),
(4, 2, 143, 1, '2020-05-07 12:02:31', '2020-05-07 12:02:31'),
(5, 2, 72, 1, '2020-05-07 12:02:31', '2020-05-07 12:02:31'),
(6, 2, 102, 1, '2020-05-07 12:02:31', '2020-05-07 13:00:02'),
(7, 2, 155, 1, '2020-05-07 12:02:31', '2020-05-07 12:02:31'),
(8, 2, 227, 1, '2020-05-07 12:02:31', '2020-05-07 12:02:31'),
(9, 2, 237, 1, '2020-05-07 12:02:31', '2020-05-07 13:11:27'),
(10, 2, 28, 1, '2020-05-07 12:02:31', '2020-05-07 13:13:26'),
(11, 2, 102, 1, '2020-05-07 12:02:31', '2020-05-07 13:21:43'),
(12, 2, 254, 0, '2020-05-07 12:02:31', '2020-05-07 12:02:31'),
(13, 2, 121, 1, '2020-05-07 12:02:31', '2020-05-07 12:02:31'),
(14, 2, 256, 0, '2020-05-07 12:02:31', '2020-05-07 12:02:31'),
(15, 2, 270, 0, '2020-05-07 12:02:31', '2020-05-07 12:02:31'),
(16, 2, 191, 1, '2020-05-07 12:02:31', '2020-05-07 12:02:31'),
(18, 2, 227, 1, '2020-05-07 12:02:31', '2020-05-07 12:02:31'),
(19, 2, 181, 0, '2020-05-07 12:02:31', '2020-05-07 12:02:31'),
(20, 2, 67, 0, '2020-05-07 12:02:31', '2020-05-07 12:02:31'),
(21, 2, 45, 0, '2020-05-07 12:02:31', '2020-05-07 12:02:31'),
(22, 2, 170, 1, '2020-05-07 12:02:31', '2020-05-07 12:02:31'),
(23, 2, 175, 1, '2020-05-07 12:02:31', '2020-05-07 13:13:55'),
(24, 2, 175, 0, '2020-05-07 12:02:31', '2020-05-07 12:02:31'),
(25, 2, 232, 0, '2020-05-07 12:02:31', '2020-05-07 12:02:31'),
(26, 2, 281, 1, '2020-05-07 12:02:31', '2020-05-07 12:02:31'),
(27, 2, 75, 0, '2020-05-07 12:02:31', '2020-05-07 12:02:31'),
(28, 2, 162, 0, '2020-05-07 12:02:31', '2020-05-07 12:02:31'),
(29, 2, 40, 0, '2020-05-07 12:02:31', '2020-05-07 12:02:31'),
(30, 2, 117, 1, '2020-05-07 12:02:31', '2020-05-07 12:02:31'),
(31, 2, 62, 0, '2020-05-07 12:02:31', '2020-05-07 12:02:31'),
(32, 2, 28, 1, '2020-05-07 12:02:31', '2020-05-07 12:02:31'),
(33, 2, 77, 1, '2020-05-07 12:02:31', '2020-05-07 12:02:31'),
(34, 2, 230, 0, '2020-05-07 12:02:31', '2020-05-07 12:02:31'),
(35, 2, 229, 0, '2020-05-07 12:02:31', '2020-05-07 12:02:31'),
(36, 2, 225, 0, '2020-05-07 12:02:31', '2020-05-07 12:02:31'),
(37, 2, 245, 1, '2020-05-07 12:02:31', '2020-05-07 12:02:31'),
(38, 2, 153, 1, '2020-05-07 12:02:31', '2020-05-07 12:02:31'),
(39, 2, 32, 0, '2020-05-07 12:02:31', '2020-05-07 12:02:31'),
(40, 2, 232, 1, '2020-05-07 12:02:31', '2020-05-07 12:02:31'),
(41, 2, 281, 1, '2020-05-07 12:02:31', '2020-05-07 12:02:31'),
(42, 2, 213, 0, '2020-05-07 12:02:31', '2020-05-07 12:02:31'),
(43, 2, 289, 0, '2020-05-07 12:02:31', '2020-05-07 12:02:31'),
(44, 2, 157, 1, '2020-05-07 12:02:31', '2020-05-07 12:02:31'),
(45, 2, 287, 1, '2020-05-07 12:02:31', '2020-05-07 12:02:31'),
(46, 2, 86, 0, '2020-05-07 12:02:31', '2020-05-07 12:02:31'),
(47, 2, 264, 1, '2020-05-07 12:02:31', '2020-05-07 12:02:31'),
(48, 2, 155, 1, '2020-05-07 12:02:31', '2020-05-07 12:02:31'),
(49, 2, 43, 1, '2020-05-07 12:02:31', '2020-05-07 12:02:31'),
(50, 2, 66, 0, '2020-05-07 12:02:31', '2020-05-07 12:02:31'),
(51, 2, 137, 1, '2020-05-07 12:02:31', '2020-05-07 12:02:31'),
(52, 2, 31, 0, '2020-05-07 12:02:31', '2020-05-07 12:02:31'),
(53, 2, 82, 1, '2020-05-07 12:02:31', '2020-05-07 12:02:31'),
(54, 2, 137, 1, '2020-05-07 12:02:31', '2020-05-07 12:02:31'),
(55, 2, 286, 0, '2020-05-07 12:02:31', '2020-05-07 12:02:31'),
(56, 2, 17, 0, '2020-05-07 12:02:31', '2020-05-07 12:02:31'),
(57, 2, 45, 0, '2020-05-07 12:02:31', '2020-05-07 12:02:31'),
(58, 2, 227, 1, '2020-05-07 12:02:31', '2020-05-07 12:02:31'),
(59, 2, 28, 0, '2020-05-07 12:02:31', '2020-05-07 12:02:31'),
(60, 2, 79, 1, '2020-05-07 12:02:31', '2020-05-07 12:02:31'),
(61, 2, 183, 1, '2020-05-07 12:02:31', '2020-05-07 12:02:31'),
(62, 2, 203, 0, '2020-05-07 12:02:31', '2020-05-07 12:02:31'),
(63, 2, 134, 1, '2020-05-07 12:02:31', '2020-05-07 12:02:31'),
(64, 2, 173, 0, '2020-05-07 12:02:31', '2020-05-07 12:02:31'),
(65, 2, 271, 1, '2020-05-07 12:02:31', '2020-05-07 12:02:31'),
(66, 2, 83, 1, '2020-05-07 12:02:31', '2020-05-07 12:02:31'),
(67, 2, 3, 0, '2020-05-07 12:02:31', '2020-05-07 12:02:31'),
(68, 2, 131, 0, '2020-05-07 12:02:31', '2020-05-07 12:02:31'),
(69, 2, 237, 1, '2020-05-07 12:02:31', '2020-05-07 12:02:31'),
(70, 2, 2, 0, '2020-05-07 12:02:31', '2020-05-07 12:02:31'),
(71, 2, 185, 1, '2020-05-07 12:02:31', '2020-05-07 12:02:31'),
(72, 2, 108, 0, '2020-05-07 12:02:31', '2020-05-07 12:02:31'),
(73, 2, 110, 0, '2020-05-07 12:02:31', '2020-05-07 12:02:31'),
(74, 2, 233, 0, '2020-05-07 12:02:31', '2020-05-07 12:02:31'),
(75, 2, 210, 0, '2020-05-07 12:02:31', '2020-05-07 12:02:31'),
(76, 2, 119, 0, '2020-05-07 12:02:31', '2020-05-07 12:02:31'),
(77, 2, 194, 0, '2020-05-07 12:02:31', '2020-05-07 12:02:31'),
(78, 2, 143, 0, '2020-05-07 12:02:31', '2020-05-07 12:02:31'),
(79, 2, 41, 0, '2020-05-07 12:02:31', '2020-05-07 12:02:31'),
(80, 2, 28, 1, '2020-05-07 12:02:31', '2020-05-07 12:02:31'),
(81, 2, 161, 0, '2020-05-07 12:02:31', '2020-05-07 12:02:31'),
(82, 2, 262, 1, '2020-05-07 12:02:31', '2020-05-07 12:02:31'),
(83, 2, 169, 1, '2020-05-07 12:02:31', '2020-05-07 12:02:31'),
(84, 2, 239, 0, '2020-05-07 12:02:31', '2020-05-07 12:02:31'),
(85, 2, 114, 1, '2020-05-07 12:02:31', '2020-05-07 12:02:31'),
(86, 2, 219, 1, '2020-05-07 12:02:31', '2020-05-07 12:02:31'),
(87, 2, 221, 0, '2020-05-07 12:02:31', '2020-05-07 12:02:31'),
(88, 2, 242, 1, '2020-05-07 12:02:31', '2020-05-07 12:02:31'),
(89, 2, 22, 1, '2020-05-07 12:02:31', '2020-05-07 12:02:31'),
(90, 2, 110, 1, '2020-05-07 12:02:31', '2020-05-07 12:02:31'),
(91, 2, 139, 0, '2020-05-07 12:02:31', '2020-05-07 12:02:31'),
(92, 2, 240, 0, '2020-05-07 12:02:31', '2020-05-07 12:02:31'),
(93, 2, 81, 0, '2020-05-07 12:02:31', '2020-05-07 12:02:31'),
(94, 2, 274, 1, '2020-05-07 12:02:31', '2020-05-07 12:02:31'),
(95, 2, 90, 0, '2020-05-07 12:02:31', '2020-05-07 12:02:31'),
(96, 2, 157, 1, '2020-05-07 12:02:31', '2020-05-07 12:57:42'),
(97, 2, 289, 1, '2020-05-07 12:02:31', '2020-05-07 12:02:31'),
(98, 2, 138, 1, '2020-05-07 12:02:31', '2020-05-07 12:02:31'),
(99, 2, 104, 1, '2020-05-07 12:02:31', '2020-05-07 12:02:31'),
(100, 2, 196, 1, '2020-05-07 12:02:31', '2020-05-07 12:02:31');

-- --------------------------------------------------------

--
-- Table structure for table `speaker`
--

CREATE TABLE `speaker` (
  `id` int(11) NOT NULL,
  `fname` varchar(255) NOT NULL,
  `lname` varchar(255) NOT NULL,
  `description` text NOT NULL,
  `image` varchar(255) NOT NULL,
  `created_at` timestamp NOT NULL DEFAULT current_timestamp(),
  `updated_at` timestamp NOT NULL DEFAULT current_timestamp() ON UPDATE current_timestamp()
) ENGINE=InnoDB DEFAULT CHARSET=utf8mb4;

--
-- Dumping data for table `speaker`
--

INSERT INTO `speaker` (`id`, `fname`, `lname`, `description`, `image`, `created_at`, `updated_at`) VALUES
(2, 'Kalli', 'Harriott', 'Compensation Analyst', 'default.jpg', '2020-05-02 01:54:43', '2020-05-02 01:54:43'),
(3, 'Daile', 'Adcocks', 'Account Executive', 'default.jpg', '2020-05-02 01:54:43', '2020-05-02 01:54:43'),
(4, 'Tate', 'Mc Carrick', 'Executive Secretary', 'default.jpg', '2020-05-02 01:54:43', '2020-05-02 01:54:43'),
(5, 'Rakel', 'Heyburn', 'Mechanical Systems Engineer', 'default.jpg', '2020-05-02 01:54:43', '2020-05-02 01:54:43'),
(6, 'Xena', 'Cristofolo', 'VP Quality Control', 'default.jpg', '2020-05-02 01:54:43', '2020-05-02 01:54:43'),
(7, 'Hermann', 'Blakeman', 'VP Quality Control', 'default.jpg', '2020-05-02 01:54:43', '2020-05-02 01:54:43'),
(8, 'Javier', 'Esser', 'Librarian', 'default.jpg', '2020-05-02 01:54:43', '2020-05-02 01:54:43'),
(9, 'Lindsay', 'Debrick', 'Database Administrator III', 'default.jpg', '2020-05-02 01:54:43', '2020-05-02 01:54:43'),
(10, 'Hyacinthie', 'Letertre', 'Actuary', 'default.jpg', '2020-05-02 01:54:43', '2020-05-02 01:54:43'),
(11, 'Clementina', 'Daudray', 'Senior Quality Engineer', 'default.jpg', '2020-05-02 01:54:43', '2020-05-02 01:54:43'),
(12, 'Adelina', 'Girvan', 'Chemical Engineer', 'default.jpg', '2020-05-02 01:54:43', '2020-05-02 01:54:43'),
(13, 'Crichton', 'O\'Hanlon', 'Software Consultant', 'default.jpg', '2020-05-02 01:54:43', '2020-05-02 01:54:43'),
(14, 'Saw', 'Mordan', 'Associate Professor', 'default.jpg', '2020-05-02 01:54:43', '2020-05-02 01:54:43'),
(15, 'Chelsey', 'Mussalli', 'General Manager', 'default.jpg', '2020-05-02 01:54:43', '2020-05-02 01:54:43'),
(16, 'Maurice', 'Giacomucci', 'Office Assistant IV', 'default.jpg', '2020-05-02 01:54:43', '2020-05-02 01:54:43'),
(17, 'King', 'Jumeau', 'Legal Assistant', 'default.jpg', '2020-05-02 01:54:43', '2020-05-02 01:54:43'),
(18, 'Jeremie', 'Gong', 'Computer Systems Analyst III', 'default.jpg', '2020-05-02 01:54:43', '2020-05-02 01:54:43'),
(19, 'Ailene', 'Meece', 'Sales Representative', 'default.jpg', '2020-05-02 01:54:43', '2020-05-02 01:54:43'),
(20, 'Farrand', 'Ovanesian', 'Registered Nurse', 'default.jpg', '2020-05-02 01:54:43', '2020-05-02 01:54:43'),
(21, 'Catharine', 'Netti', 'Project Manager', 'default.jpg', '2020-05-02 01:54:43', '2020-05-02 01:54:43'),
(22, 'Matthiew', 'Prince', 'Account Executive', 'default.jpg', '2020-05-02 01:54:43', '2020-05-02 01:54:43'),
(23, 'Emogene', 'Winterbourne', 'Geological Engineer', 'default.jpg', '2020-05-02 01:54:43', '2020-05-02 01:54:43'),
(24, 'Vinnie', 'Pilgrim', 'Technical Writer', 'default.jpg', '2020-05-02 01:54:43', '2020-05-02 01:54:43'),
(25, 'Abbott', 'Rizzelli', 'VP Marketing', 'default.jpg', '2020-05-02 01:54:43', '2020-05-02 01:54:43'),
(26, 'Michele', 'Kerrigan', 'Junior Executive', 'default.jpg', '2020-05-02 01:54:43', '2020-05-02 01:54:43'),
(27, 'Brion', 'Lackmann', 'Food Chemist', 'default.jpg', '2020-05-02 01:54:43', '2020-05-02 01:54:43'),
(28, 'Shurlocke', 'Oylett', 'Nurse', 'default.jpg', '2020-05-02 01:54:43', '2020-05-02 01:54:43'),
(29, 'Paloma', 'Armsby', 'Information Systems Manager', 'default.jpg', '2020-05-02 01:54:43', '2020-05-02 01:54:43'),
(30, 'John', 'Oldred', 'Pharmacist', 'default.jpg', '2020-05-02 01:54:43', '2020-05-02 01:54:43'),
(31, 'Sam', 'Bernli', 'Human Resources Assistant II', 'default.jpg', '2020-05-02 01:54:43', '2020-05-02 01:54:43'),
(32, 'Sharla', 'MacMenamy', 'Staff Accountant III', 'default.jpg', '2020-05-02 01:54:43', '2020-05-02 01:54:43'),
(33, 'Jermayne', 'Wegenen', 'Assistant Professor', 'default.jpg', '2020-05-02 01:54:43', '2020-05-02 01:54:43'),
(34, 'Haily', 'Bison', 'Analog Circuit Design manager', 'default.jpg', '2020-05-02 01:54:43', '2020-05-02 01:54:43'),
(35, 'Jennifer', 'MacCracken', 'Director of Sales', 'default.jpg', '2020-05-02 01:54:43', '2020-05-02 01:54:43'),
(36, 'Alastair', 'Fairchild', 'Research Nurse', 'default.jpg', '2020-05-02 01:54:43', '2020-05-02 01:54:43'),
(37, 'Orelie', 'Crutchfield', 'Technical Writer', 'default.jpg', '2020-05-02 01:54:43', '2020-05-02 01:54:43'),
(38, 'Merwin', 'Raithby', 'Nurse Practicioner', 'default.jpg', '2020-05-02 01:54:43', '2020-05-02 01:54:43'),
(39, 'Krispin', 'Yanukhin', 'Senior Quality Engineer', 'default.jpg', '2020-05-02 01:54:43', '2020-05-02 01:54:43'),
(40, 'Horatio', 'Gatenby', 'Compensation Analyst', 'default.jpg', '2020-05-02 01:54:43', '2020-05-02 01:54:43'),
(41, 'Maxim', 'Blaw', 'Developer III', 'default.jpg', '2020-05-02 01:54:43', '2020-05-02 01:54:43'),
(42, 'Erwin', 'Scallan', 'Professor', 'default.jpg', '2020-05-02 01:54:43', '2020-05-02 01:54:43'),
(43, 'Sheila', 'Grabert', 'Chief Design Engineer', 'default.jpg', '2020-05-02 01:54:43', '2020-05-02 01:54:43'),
(44, 'Issiah', 'Gauler', 'Financial Analyst', 'default.jpg', '2020-05-02 01:54:43', '2020-05-02 01:54:43'),
(45, 'Abel', 'Mumbey', 'Legal Assistant', 'default.jpg', '2020-05-02 01:54:43', '2020-05-02 01:54:43'),
(46, 'Ellette', 'Zohrer', 'Structural Analysis Engineer', 'default.jpg', '2020-05-02 01:54:43', '2020-05-02 01:54:43'),
(47, 'Adrien', 'Croxon', 'Environmental Tech', 'default.jpg', '2020-05-02 01:54:43', '2020-05-02 01:54:43'),
(48, 'Krishna', 'Crew', 'Accountant II', 'default.jpg', '2020-05-02 01:54:43', '2020-05-02 01:54:43'),
(49, 'Wade', 'Ventum', 'Physical Therapy Assistant', 'default.jpg', '2020-05-02 01:54:43', '2020-05-02 01:54:43'),
(50, 'Larisa', 'Piola', 'Administrative Officer', 'default.jpg', '2020-05-02 01:54:43', '2020-05-02 01:54:43'),
(51, 'Adriena', 'Wallen', 'Human Resources Manager', 'default.jpg', '2020-05-02 01:54:43', '2020-05-02 01:54:43'),
(52, 'Iolande', 'Bordman', 'Director of Sales', 'default.jpg', '2020-05-02 01:54:43', '2020-05-02 01:54:43'),
(53, 'Kathy', 'Gomme', 'Chief Design Engineer', 'default.jpg', '2020-05-02 01:54:43', '2020-05-02 01:54:43'),
(54, 'Wilfrid', 'Whelpdale', 'Software Consultant', 'default.jpg', '2020-05-02 01:54:43', '2020-05-02 01:54:43'),
(55, 'Deina', 'Gremane', 'Geological Engineer', 'default.jpg', '2020-05-02 01:54:43', '2020-05-02 01:54:43'),
(56, 'Andros', 'Lillee', 'Account Representative III', 'default.jpg', '2020-05-02 01:54:43', '2020-05-02 01:54:43'),
(57, 'Mathe', 'Cowser', 'Legal Assistant', 'default.jpg', '2020-05-02 01:54:43', '2020-05-02 01:54:43'),
(58, 'Maximilian', 'Bartoletti', 'Legal Assistant', 'default.jpg', '2020-05-02 01:54:43', '2020-05-02 01:54:43'),
(59, 'Raoul', 'O\'Codihie', 'Registered Nurse', 'default.jpg', '2020-05-02 01:54:43', '2020-05-02 01:54:43'),
(60, 'Marjie', 'Wakely', 'Nurse', 'default.jpg', '2020-05-02 01:54:43', '2020-05-02 01:54:43'),
(61, 'Chastity', 'Caldecourt', 'GIS Technical Architect', 'default.jpg', '2020-05-02 01:54:43', '2020-05-02 01:54:43'),
(62, 'Mechelle', 'Records', 'Budget/Accounting Analyst III', 'default.jpg', '2020-05-02 01:54:43', '2020-05-02 01:54:43'),
(63, 'Tremaine', 'McCoole', 'Media Manager III', 'default.jpg', '2020-05-02 01:54:43', '2020-05-02 01:54:43'),
(64, 'Eilis', 'Athelstan', 'Recruiter', 'default.jpg', '2020-05-02 01:54:43', '2020-05-02 01:54:43'),
(65, 'Lemmy', 'Renackowna', 'Nuclear Power Engineer', 'default.jpg', '2020-05-02 01:54:43', '2020-05-02 01:54:43'),
(66, 'Neall', 'Doubleday', 'Graphic Designer', 'default.jpg', '2020-05-02 01:54:43', '2020-05-02 01:54:43'),
(67, 'Melli', 'Yesenin', 'Editor', 'default.jpg', '2020-05-02 01:54:43', '2020-05-02 01:54:43'),
(68, 'Barnaby', 'Yitzovitz', 'Physical Therapy Assistant', 'default.jpg', '2020-05-02 01:54:43', '2020-05-02 01:54:43'),
(69, 'Odelinda', 'Dominici', 'Account Representative III', 'default.jpg', '2020-05-02 01:54:43', '2020-05-02 01:54:43'),
(70, 'Blondell', 'Boame', 'VP Sales', 'default.jpg', '2020-05-02 01:54:43', '2020-05-02 01:54:43'),
(71, 'Rafe', 'Pieter', 'Engineer II', 'default.jpg', '2020-05-02 01:54:43', '2020-05-02 01:54:43'),
(72, 'Correna', 'Francecione', 'Geologist III', 'default.jpg', '2020-05-02 01:54:43', '2020-05-02 01:54:43'),
(73, 'Theresita', 'Lenormand', 'Research Nurse', 'default.jpg', '2020-05-02 01:54:43', '2020-05-02 01:54:43'),
(74, 'Aeriell', 'Carabet', 'Quality Control Specialist', 'default.jpg', '2020-05-02 01:54:43', '2020-05-02 01:54:43'),
(75, 'Charo', 'Eingerfield', 'Environmental Specialist', 'default.jpg', '2020-05-02 01:54:43', '2020-05-02 01:54:43'),
(76, 'Gena', 'Bonnett', 'Technical Writer', 'default.jpg', '2020-05-02 01:54:43', '2020-05-02 01:54:43'),
(77, 'Ollie', 'Jolland', 'Developer I', 'default.jpg', '2020-05-02 01:54:43', '2020-05-02 01:54:43'),
(78, 'Addia', 'Catchpole', 'Librarian', 'default.jpg', '2020-05-02 01:54:43', '2020-05-02 01:54:43'),
(79, 'Caldwell', 'Widdowson', 'Payment Adjustment Coordinator', 'default.jpg', '2020-05-02 01:54:43', '2020-05-02 01:54:43'),
(80, 'Glendon', 'Bletsoe', 'VP Sales', 'default.jpg', '2020-05-02 01:54:43', '2020-05-02 01:54:43'),
(81, 'Anjela', 'Stallibrass', 'Junior Executive', 'default.jpg', '2020-05-02 01:54:43', '2020-05-02 01:54:43'),
(82, 'Adolpho', 'Brunetti', 'Senior Cost Accountant', 'default.jpg', '2020-05-02 01:54:43', '2020-05-02 01:54:43'),
(83, 'Marven', 'Hoffner', 'Assistant Professor', 'default.jpg', '2020-05-02 01:54:43', '2020-05-02 01:54:43'),
(84, 'Umeko', 'Bison', 'Physical Therapy Assistant', 'default.jpg', '2020-05-02 01:54:43', '2020-05-02 01:54:43'),
(85, 'Sephira', 'Grenshields', 'Staff Accountant II', 'default.jpg', '2020-05-02 01:54:43', '2020-05-02 01:54:43'),
(86, 'Alissa', 'Gulston', 'VP Quality Control', 'default.jpg', '2020-05-02 01:54:43', '2020-05-02 01:54:43'),
(87, 'Juliette', 'Dury', 'Marketing Manager', 'default.jpg', '2020-05-02 01:54:43', '2020-05-02 01:54:43'),
(88, 'Jeramey', 'Gingell', 'GIS Technical Architect', 'default.jpg', '2020-05-02 01:54:43', '2020-05-02 01:54:43'),
(89, 'Nicoli', 'Wormald', 'Help Desk Operator', 'default.jpg', '2020-05-02 01:54:43', '2020-05-02 01:54:43'),
(90, 'Glendon', 'Dimanche', 'Dental Hygienist', 'default.jpg', '2020-05-02 01:54:43', '2020-05-02 01:54:43'),
(91, 'Costa', 'Osmon', 'Web Developer III', 'default.jpg', '2020-05-02 01:54:43', '2020-05-02 01:54:43'),
(92, 'Reiko', 'Thorneywork', 'Staff Accountant I', 'default.jpg', '2020-05-02 01:54:43', '2020-05-02 01:54:43'),
(93, 'Weider', 'Arbor', 'Sales Representative', 'default.jpg', '2020-05-02 01:54:43', '2020-05-02 01:54:43'),
(94, 'Ninette', 'MacGuffie', 'Clinical Specialist', 'default.jpg', '2020-05-02 01:54:43', '2020-05-02 01:54:43'),
(95, 'Alvira', 'Garlic', 'Associate Professor', 'default.jpg', '2020-05-02 01:54:43', '2020-05-02 01:54:43'),
(96, 'Janice', 'Strangwood', 'Senior Developer', 'default.jpg', '2020-05-02 01:54:43', '2020-05-02 01:54:43'),
(97, 'Gerladina', 'Meys', 'Physical Therapy Assistant', 'default.jpg', '2020-05-02 01:54:43', '2020-05-02 01:54:43'),
(98, 'Tatiana', 'Durdle', 'Financial Advisor', 'default.jpg', '2020-05-02 01:54:43', '2020-05-02 01:54:43'),
(99, 'Delcine', 'Rape', 'Pharmacist', 'default.jpg', '2020-05-02 01:54:43', '2020-05-02 01:54:43'),
(100, 'Valeria', 'Shoebrook', 'Analog Circuit Design manager', 'default.jpg', '2020-05-02 01:54:43', '2020-05-02 01:54:43');

-- --------------------------------------------------------

--
-- Table structure for table `student`
--

CREATE TABLE `student` (
  `id` int(11) NOT NULL,
  `fname` varchar(255) NOT NULL,
  `lname` varchar(255) NOT NULL,
  `username` varchar(255) NOT NULL,
  `password` text NOT NULL,
  `contact` varchar(255) NOT NULL,
  `address` varchar(255) NOT NULL,
  `birthday` date NOT NULL,
  `image` varchar(255) NOT NULL DEFAULT 'default.jpg',
  `created_at` timestamp NOT NULL DEFAULT current_timestamp(),
  `updated_at` timestamp NOT NULL DEFAULT current_timestamp() ON UPDATE current_timestamp()
) ENGINE=InnoDB DEFAULT CHARSET=utf8mb4;

--
-- Dumping data for table `student`
--

INSERT INTO `student` (`id`, `fname`, `lname`, `username`, `password`, `contact`, `address`, `birthday`, `image`, `created_at`, `updated_at`) VALUES
(1, 'Dennison', 'Brooking', 'dbrooking0', 'wEM1Ts73', '656-148-8666', '03 Dottie Plaza', '1994-08-07', 'default.jpg', '2020-05-07 11:59:51', '2020-05-07 11:59:51'),
(2, 'Ara', 'Paszek', 'apaszek1', 'W5yL5Yqfu', '603-642-8374', '79 Burning Wood Street', '2011-10-03', 'default.jpg', '2020-05-07 11:59:51', '2020-05-07 11:59:51'),
(3, 'Lilah', 'Haygreen', 'lhaygreen2', 'ubK7w0', '856-308-1413', '6 7th Junction', '1980-06-29', 'default.jpg', '2020-05-07 11:59:51', '2020-05-07 11:59:51'),
(4, 'Ruby', 'Chasen', 'rchasen3', 'GW66dxNc', '694-868-7605', '22 Troy Road', '1982-06-06', 'default.jpg', '2020-05-07 11:59:51', '2020-05-07 11:59:51'),
(5, 'Mufinella', 'Corben', 'mcorben4', 'BEhrcyG3', '961-107-7369', '8546 Northview Parkway', '1954-01-04', 'default.jpg', '2020-05-07 11:59:51', '2020-05-07 11:59:51'),
(6, 'Oren', 'Swaton', 'oswaton5', 'SkbIB3l7gmiM', '311-346-0802', '98652 Calypso Hill', '2007-04-03', 'default.jpg', '2020-05-07 11:59:51', '2020-05-07 11:59:51'),
(7, 'Dru', 'Stutely', 'dstutely6', 'WVL6nIysLc', '631-408-9786', '52101 Marcy Parkway', '1966-08-22', 'default.jpg', '2020-05-07 11:59:51', '2020-05-07 11:59:51'),
(8, 'Hector', 'Hassur', 'hhassur7', 'tFIvzERfpwVb', '251-771-6244', '11919 Cardinal Crossing', '1984-05-22', 'default.jpg', '2020-05-07 11:59:51', '2020-05-07 11:59:51'),
(9, 'Kimberlee', 'Trusty', 'ktrusty8', 'GS0i5ZGxl', '128-581-9972', '6485 Onsgard Way', '2009-03-31', 'default.jpg', '2020-05-07 11:59:51', '2020-05-07 11:59:51'),
(10, 'Libby', 'Boaler', 'lboaler9', 'eMoJnRNwtBno', '133-517-7339', '0750 Michigan Way', '1968-08-22', 'default.jpg', '2020-05-07 11:59:51', '2020-05-07 11:59:51'),
(11, 'Cesya', 'Poad', 'cpoada', 'NbglYMCF', '768-609-6345', '0 Ridge Oak Point', '1995-10-29', 'default.jpg', '2020-05-07 11:59:51', '2020-05-07 11:59:51'),
(12, 'Percy', 'Jacqueminet', 'pjacqueminetb', 'n8K9TD', '777-395-1589', '082 Dexter Pass', '2000-01-16', 'default.jpg', '2020-05-07 11:59:51', '2020-05-07 11:59:51'),
(13, 'Freeman', 'Orpen', 'forpenc', 'ciGlm7e', '979-282-0673', '68 Southridge Court', '1975-04-06', 'default.jpg', '2020-05-07 11:59:51', '2020-05-07 11:59:51'),
(14, 'Shantee', 'Howen', 'showend', 'eid17zbrdvC0', '940-330-3849', '1 Manufacturers Circle', '2007-11-21', 'default.jpg', '2020-05-07 11:59:51', '2020-05-07 11:59:51'),
(15, 'Conrad', 'Faraker', 'cfarakere', 'EOzK2T2', '529-571-7458', '059 Eggendart Park', '1952-10-01', 'default.jpg', '2020-05-07 11:59:51', '2020-05-07 11:59:51'),
(16, 'Leeland', 'Haggus', 'lhaggusf', 'oqXbAWWNrF', '226-971-3400', '30224 Waxwing Hill', '1975-04-28', 'default.jpg', '2020-05-07 11:59:51', '2020-05-07 11:59:51'),
(17, 'Bob', 'Spray', 'bsprayg', 'JVyoXBuMOqX', '255-384-2494', '41 Michigan Center', '1966-09-25', 'default.jpg', '2020-05-07 11:59:51', '2020-05-07 11:59:51'),
(18, 'Bridgette', 'Reyne', 'breyneh', 'M6HnkS2zl7y', '307-715-3185', '7 Main Street', '1976-11-20', 'default.jpg', '2020-05-07 11:59:51', '2020-05-07 11:59:51'),
(19, 'Janelle', 'Piquard', 'jpiquardi', 'XOqDcoi1lAe5', '777-958-9089', '9953 Pankratz Avenue', '1950-01-02', 'default.jpg', '2020-05-07 11:59:51', '2020-05-07 11:59:51'),
(20, 'Bernarr', 'Wolffers', 'bwolffersj', '8izZHZrzJ', '767-848-5712', '50115 Manley Court', '1995-08-21', 'default.jpg', '2020-05-07 11:59:51', '2020-05-07 11:59:51'),
(21, 'Yuri', 'Maddie', 'ymaddiek', '3O02sZDia', '354-144-4772', '1 Butternut Park', '1965-06-24', 'default.jpg', '2020-05-07 11:59:51', '2020-05-07 11:59:51'),
(22, 'Cliff', 'Issatt', 'cissattl', 'eligVPSYkw', '316-279-4492', '1667 Vidon Center', '1971-02-26', 'default.jpg', '2020-05-07 11:59:51', '2020-05-07 11:59:51'),
(23, 'Gardner', 'Whapples', 'gwhapplesm', 'duz18NVtg', '649-768-2827', '44555 Calypso Avenue', '1987-02-10', 'default.jpg', '2020-05-07 11:59:51', '2020-05-07 11:59:51'),
(24, 'Winona', 'Jull', 'wjulln', 'jPjYNw6L', '996-854-5741', '8 4th Parkway', '1975-10-26', 'default.jpg', '2020-05-07 11:59:51', '2020-05-07 11:59:51'),
(25, 'Violette', 'Hamill', 'vhamillo', 'HVk9JU', '207-328-8423', '114 Ludington Terrace', '2001-12-23', 'default.jpg', '2020-05-07 11:59:51', '2020-05-07 11:59:51'),
(26, 'Poppy', 'Buckell', 'pbuckellp', 'S5JwGkFLf', '402-269-5032', '309 Beilfuss Parkway', '1950-04-22', 'default.jpg', '2020-05-07 11:59:51', '2020-05-07 11:59:51'),
(27, 'Lenka', 'Ivchenko', 'livchenkoq', 'NzdI6LRB', '420-762-6271', '7 Arrowood Junction', '1970-06-21', 'default.jpg', '2020-05-07 11:59:51', '2020-05-07 11:59:51'),
(28, 'Philis', 'Dyball', 'pdyballr', 'ggUQRNp', '395-975-7594', '94 Jay Junction', '1992-12-05', 'default.jpg', '2020-05-07 11:59:51', '2020-05-07 11:59:51'),
(29, 'Merrel', 'Wimlet', 'mwimlets', 'bVnHXz', '135-101-6539', '69 Lukken Court', '1972-04-16', 'default.jpg', '2020-05-07 11:59:51', '2020-05-07 11:59:51'),
(30, 'Wiley', 'Colquyte', 'wcolquytet', 'zw2U1uVKu', '502-255-0250', '2389 Artisan Pass', '2019-12-22', 'default.jpg', '2020-05-07 11:59:51', '2020-05-07 11:59:51'),
(31, 'Kermy', 'MacGow', 'kmacgowu', 'UZeONbqE', '714-771-8380', '6623 Buena Vista Junction', '1981-05-15', 'default.jpg', '2020-05-07 11:59:51', '2020-05-07 11:59:51'),
(32, 'Alejandra', 'Lafoy', 'alafoyv', 'H8gfm7zIC7yY', '656-242-5902', '4319 Riverside Parkway', '1986-07-09', 'default.jpg', '2020-05-07 11:59:51', '2020-05-07 11:59:51'),
(33, 'Yovonnda', 'Cullimore', 'ycullimorew', 'B2OMbbbF5Hq4', '818-851-2230', '20 Bellgrove Park', '2009-06-28', 'default.jpg', '2020-05-07 11:59:51', '2020-05-07 11:59:51'),
(34, 'Lilli', 'Leckie', 'lleckiex', 'JXzItrxGp4T', '583-291-4687', '5175 Fallview Place', '1977-10-16', 'default.jpg', '2020-05-07 11:59:51', '2020-05-07 11:59:51'),
(35, 'Amelie', 'Sibbe', 'asibbey', 'yRmKWR', '863-169-5300', '4650 Esch Crossing', '1984-10-12', 'default.jpg', '2020-05-07 11:59:51', '2020-05-07 11:59:51'),
(36, 'Susanetta', 'Tuiller', 'stuillerz', 'stn0oHmMhkLr', '801-267-6730', '182 Merrick Lane', '1983-09-19', 'default.jpg', '2020-05-07 11:59:51', '2020-05-07 11:59:51'),
(37, 'Gran', 'Starzaker', 'gstarzaker10', 'meAdqw', '381-434-2821', '91088 Butterfield Drive', '1955-02-23', 'default.jpg', '2020-05-07 11:59:51', '2020-05-07 11:59:51'),
(38, 'Gamaliel', 'Aris', 'garis11', 'tzRFKttTL', '201-462-6853', '97 Comanche Court', '2004-03-07', 'default.jpg', '2020-05-07 11:59:51', '2020-05-07 11:59:51'),
(39, 'Lauryn', 'Duguid', 'lduguid12', 'ij6WzrSCUgv', '400-674-3967', '368 Packers Street', '1986-04-02', 'default.jpg', '2020-05-07 11:59:51', '2020-05-07 11:59:51'),
(40, 'Loydie', 'Battill', 'lbattill13', '7fgon65', '536-787-9832', '459 Drewry Hill', '1972-12-23', 'default.jpg', '2020-05-07 11:59:51', '2020-05-07 11:59:51'),
(41, 'Jon', 'Bichener', 'jbichener14', 't6VZNZ9Fg', '964-355-8444', '720 Aberg Lane', '1982-05-25', 'default.jpg', '2020-05-07 11:59:51', '2020-05-07 11:59:51'),
(42, 'Cullie', 'Mathissen', 'cmathissen15', 'DY7khaol2M', '837-476-0234', '2 Dryden Pass', '2016-03-25', 'default.jpg', '2020-05-07 11:59:51', '2020-05-07 11:59:51'),
(43, 'Jo', 'Wortley', 'jwortley16', 'yei5fOHs', '205-640-8619', '30079 Jay Lane', '1981-11-22', 'default.jpg', '2020-05-07 11:59:51', '2020-05-07 11:59:51'),
(44, 'Carver', 'Papaccio', 'cpapaccio17', '9BenOs', '919-504-2383', '54003 Springs Hill', '1986-01-23', 'default.jpg', '2020-05-07 11:59:51', '2020-05-07 11:59:51'),
(45, 'Matelda', 'Musterd', 'mmusterd18', 'nw2dWaQUbL', '343-572-2496', '29 Rowland Trail', '1953-02-14', 'default.jpg', '2020-05-07 11:59:51', '2020-05-07 11:59:51'),
(46, 'Eward', 'Treverton', 'etreverton19', 'VD9RIFaBv', '128-506-5933', '54808 Commercial Way', '1952-09-02', 'default.jpg', '2020-05-07 11:59:51', '2020-05-07 11:59:51'),
(47, 'Norman', 'Philbin', 'nphilbin1a', '57opDAbHT3', '962-773-8319', '7353 5th Circle', '1993-03-22', 'default.jpg', '2020-05-07 11:59:51', '2020-05-07 11:59:51'),
(48, 'Ketty', 'Laxon', 'klaxon1b', 'HfFAekWUt4GP', '897-628-4821', '0 Mayfield Circle', '1960-10-15', 'default.jpg', '2020-05-07 11:59:51', '2020-05-07 11:59:51'),
(49, 'Lurline', 'Thay', 'lthay1c', 'FBwed3Tu', '590-133-1952', '83 Buhler Place', '2017-08-22', 'default.jpg', '2020-05-07 11:59:51', '2020-05-07 11:59:51'),
(50, 'Roi', 'Brazur', 'rbrazur1d', 'FQHG7s', '745-464-4785', '7 Algoma Drive', '1993-10-10', 'default.jpg', '2020-05-07 11:59:51', '2020-05-07 11:59:51'),
(51, 'Brigham', 'Grew', 'bgrew1e', 'vgzaZp', '522-385-4542', '70109 5th Terrace', '1973-09-24', 'default.jpg', '2020-05-07 11:59:51', '2020-05-07 11:59:51'),
(52, 'Jenda', 'Sulman', 'jsulman1f', '8Z68uzvSZf', '756-344-3681', '5 Anhalt Alley', '2008-07-03', 'default.jpg', '2020-05-07 11:59:51', '2020-05-07 11:59:51'),
(53, 'Ronnie', 'Corradengo', 'rcorradengo1g', 'KBIDDeT', '514-664-8438', '857 American Point', '1983-02-04', 'default.jpg', '2020-05-07 11:59:51', '2020-05-07 11:59:51'),
(54, 'Joleen', 'Carwithan', 'jcarwithan1h', 'i1s9X1T', '902-262-5773', '94 Havey Terrace', '2000-10-15', 'default.jpg', '2020-05-07 11:59:51', '2020-05-07 11:59:51'),
(55, 'Orelee', 'Sprackling', 'osprackling1i', 'MMhxfX', '663-728-2759', '1687 Shelley Drive', '1990-11-08', 'default.jpg', '2020-05-07 11:59:51', '2020-05-07 11:59:51'),
(56, 'Petey', 'Samart', 'psamart1j', 'sqA1N0D3', '194-476-3543', '93489 Kensington Alley', '2006-07-17', 'default.jpg', '2020-05-07 11:59:51', '2020-05-07 11:59:51'),
(57, 'Kenn', 'Ridd', 'kridd1k', 'Ryn3VzY', '266-409-1395', '8289 Fieldstone Street', '1950-09-12', 'default.jpg', '2020-05-07 11:59:51', '2020-05-07 11:59:51'),
(58, 'Jess', 'Gritsunov', 'jgritsunov1l', 'v1U4vax', '727-614-1212', '81863 La Follette Avenue', '1981-07-18', 'default.jpg', '2020-05-07 11:59:51', '2020-05-07 11:59:51'),
(59, 'Bobbye', 'Daviddi', 'bdaviddi1m', 'AefW0xQ8u', '270-165-9714', '9 Lyons Place', '2009-03-26', 'default.jpg', '2020-05-07 11:59:51', '2020-05-07 11:59:51'),
(60, 'Grier', 'Hamal', 'ghamal1n', 'yzVBvhizlakT', '427-572-8723', '8 Nobel Center', '1986-07-26', 'default.jpg', '2020-05-07 11:59:51', '2020-05-07 11:59:51'),
(61, 'Miner', 'Craythorn', 'mcraythorn1o', 'mAnN2wur', '747-408-7545', '1998 Arkansas Drive', '1996-01-05', 'default.jpg', '2020-05-07 11:59:51', '2020-05-07 11:59:51'),
(62, 'Michail', 'Gerkens', 'mgerkens1p', 'qLacH2Cx', '692-133-5775', '38 Hagan Drive', '1960-11-25', 'default.jpg', '2020-05-07 11:59:51', '2020-05-07 11:59:51'),
(63, 'Darcy', 'Drinnan', 'ddrinnan1q', 'KMqGk4', '452-189-8088', '70447 Harbort Center', '1985-04-24', 'default.jpg', '2020-05-07 11:59:51', '2020-05-07 11:59:51'),
(64, 'Abrahan', 'Ridgers', 'aridgers1r', 'uJggmE', '364-927-5032', '46 Dennis Trail', '2006-08-29', 'default.jpg', '2020-05-07 11:59:51', '2020-05-07 11:59:51'),
(65, 'Geralda', 'McQuillan', 'gmcquillan1s', 'r0eUiy6rf85Z', '310-658-7356', '3 East Road', '1969-05-25', 'default.jpg', '2020-05-07 11:59:51', '2020-05-07 11:59:51'),
(66, 'Robinson', 'Bearblock', 'rbearblock1t', 'WuJFmM', '426-172-3703', '36 Crest Line Drive', '1957-07-05', 'default.jpg', '2020-05-07 11:59:51', '2020-05-07 11:59:51'),
(67, 'Gretta', 'Sandbatch', 'gsandbatch1u', 'kI1yB85RpIz', '616-558-3434', '21 Novick Parkway', '1974-05-27', 'default.jpg', '2020-05-07 11:59:51', '2020-05-07 11:59:51'),
(68, 'Norton', 'Cars', 'ncars1v', 'h5VI3fV', '386-623-1499', '39 7th Pass', '2008-01-02', 'default.jpg', '2020-05-07 11:59:51', '2020-05-07 11:59:51'),
(69, 'Lauryn', 'Cayser', 'lcayser1w', 'sc1njUhF', '146-623-8217', '01882 Morning Plaza', '1986-11-17', 'default.jpg', '2020-05-07 11:59:51', '2020-05-07 11:59:51'),
(70, 'Fey', 'Ellum', 'fellum1x', 'lf8YtJ', '218-460-5585', '21244 Pawling Avenue', '1961-02-04', 'default.jpg', '2020-05-07 11:59:51', '2020-05-07 11:59:51'),
(71, 'Pattie', 'Joseland', 'pjoseland1y', 'kr7KY4G', '397-425-7203', '3100 Homewood Trail', '2006-01-30', 'default.jpg', '2020-05-07 11:59:51', '2020-05-07 11:59:51'),
(72, 'Janeta', 'Dikle', 'jdikle1z', 'gT5pziZkf', '246-589-6328', '33 Ronald Regan Plaza', '2004-03-02', 'default.jpg', '2020-05-07 11:59:51', '2020-05-07 11:59:51'),
(73, 'Trudy', 'O\'Garmen', 'togarmen20', 'RfWVN2bZ', '381-545-1452', '528 Algoma Point', '1968-11-23', 'default.jpg', '2020-05-07 11:59:51', '2020-05-07 11:59:51'),
(74, 'Jonas', 'Troker', 'jtroker21', 'uuNAcyXKjJK', '703-604-5264', '455 School Road', '1962-08-26', 'default.jpg', '2020-05-07 11:59:51', '2020-05-07 11:59:51'),
(75, 'Griffith', 'Ullrich', 'gullrich22', 'hsqqITwQ35', '385-639-3973', '84 Dayton Pass', '1991-03-22', 'default.jpg', '2020-05-07 11:59:51', '2020-05-07 11:59:51'),
(76, 'Rebeka', 'McCaughran', 'rmccaughran23', 'Byqqhm', '867-734-9766', '4 Lerdahl Road', '1956-01-30', 'default.jpg', '2020-05-07 11:59:51', '2020-05-07 11:59:51'),
(77, 'Blayne', 'Afonso', 'bafonso24', 'StIgWX6yjL0', '821-647-3466', '609 Morrow Trail', '2008-02-24', 'default.jpg', '2020-05-07 11:59:51', '2020-05-07 11:59:51'),
(78, 'Micah', 'Karlolczak', 'mkarlolczak25', 'WlPZP2Li', '531-386-9516', '57055 3rd Lane', '1976-05-16', 'default.jpg', '2020-05-07 11:59:51', '2020-05-07 11:59:51'),
(79, 'Cherye', 'Mitford', 'cmitford26', '6p2A9se', '545-728-3424', '1475 Mockingbird Center', '2001-07-13', 'default.jpg', '2020-05-07 11:59:51', '2020-05-07 11:59:51'),
(80, 'Ruddy', 'Oliveti', 'roliveti27', 'bIdm6GU0', '634-236-1349', '83795 Northfield Place', '1977-12-26', 'default.jpg', '2020-05-07 11:59:51', '2020-05-07 11:59:51'),
(81, 'Prince', 'Brogden', 'pbrogden28', '5d8choJOJxpB', '963-110-1641', '0656 Rockefeller Crossing', '1958-09-26', 'default.jpg', '2020-05-07 11:59:51', '2020-05-07 11:59:51'),
(82, 'Conni', 'Cheetham', 'ccheetham29', '4FKUrw', '174-445-9600', '65756 Sherman Way', '1964-11-20', 'default.jpg', '2020-05-07 11:59:51', '2020-05-07 11:59:51'),
(83, 'Trescha', 'Lethibridge', 'tlethibridge2a', 'eCDncXmjH', '431-973-4688', '3209 Cascade Plaza', '1974-10-20', 'default.jpg', '2020-05-07 11:59:51', '2020-05-07 11:59:51'),
(84, 'Enos', 'Rootham', 'erootham2b', 'rmT2pJ', '140-501-5620', '88765 Crescent Oaks Parkway', '1997-03-19', 'default.jpg', '2020-05-07 11:59:51', '2020-05-07 11:59:51'),
(85, 'Annetta', 'Baldi', 'abaldi2c', 'ehGhR5xNHeep', '519-203-7551', '314 Gale Terrace', '1951-12-16', 'default.jpg', '2020-05-07 11:59:51', '2020-05-07 11:59:51'),
(86, 'Hillel', 'Merrick', 'hmerrick2d', 'QKp2YDQg5M', '308-635-6153', '0 Ridgeview Junction', '1973-04-17', 'default.jpg', '2020-05-07 11:59:51', '2020-05-07 11:59:51'),
(87, 'Donalt', 'Antonovic', 'dantonovic2e', 'yX89iM3db', '556-303-9281', '1 Kennedy Parkway', '2010-09-21', 'default.jpg', '2020-05-07 11:59:51', '2020-05-07 11:59:51'),
(88, 'Garvin', 'Cosbey', 'gcosbey2f', '7n4u44iNFx', '693-891-6847', '436 Ronald Regan Alley', '1981-04-02', 'default.jpg', '2020-05-07 11:59:51', '2020-05-07 11:59:51'),
(89, 'Joseito', 'Giriardelli', 'jgiriardelli2g', '3FEjJRHkx', '563-402-1557', '71690 Duke Crossing', '1980-03-24', 'default.jpg', '2020-05-07 11:59:51', '2020-05-07 11:59:51'),
(90, 'Obadiah', 'Ireland', 'oireland2h', 'r51Nth1ILRCq', '551-287-8935', '5921 Debra Hill', '1977-01-02', 'default.jpg', '2020-05-07 11:59:51', '2020-05-07 11:59:51'),
(91, 'Elberta', 'Ranyell', 'eranyell2i', '6Gb1wQzMS', '608-612-7881', '76 Clyde Gallagher Lane', '2011-12-01', 'default.jpg', '2020-05-07 11:59:51', '2020-05-07 11:59:51'),
(92, 'Candi', 'Greeson', 'cgreeson2j', 'd8ZecTnf', '287-780-1318', '3 Lyons Lane', '1951-07-02', 'default.jpg', '2020-05-07 11:59:51', '2020-05-07 11:59:51'),
(93, 'Isidoro', 'Sowten', 'isowten2k', 'XA8MmiJ3p7WJ', '678-854-1152', '0 Bayside Crossing', '1968-08-16', 'default.jpg', '2020-05-07 11:59:51', '2020-05-07 11:59:51'),
(94, 'Timmy', 'Piggin', 'tpiggin2l', 'KUl7gy', '142-548-2153', '669 Elgar Center', '2007-10-23', 'default.jpg', '2020-05-07 11:59:51', '2020-05-07 11:59:51'),
(95, 'Willem', 'Idney', 'widney2m', '9stuPLM', '836-851-1174', '15648 La Follette Place', '1959-03-21', 'default.jpg', '2020-05-07 11:59:51', '2020-05-07 11:59:51'),
(96, 'Daisie', 'Truwert', 'dtruwert2n', 'lIaMTI38', '547-385-0770', '682 Canary Terrace', '1968-06-13', 'default.jpg', '2020-05-07 11:59:51', '2020-05-07 11:59:51'),
(97, 'Amerigo', 'Kendrew', 'akendrew2o', '1ftQKK', '130-211-3448', '2976 Novick Crossing', '2004-06-16', 'default.jpg', '2020-05-07 11:59:51', '2020-05-07 11:59:51'),
(98, 'Eberhard', 'Croxton', 'ecroxton2p', 'Pz0hG4mz4ovX', '473-838-8953', '5 Cherokee Circle', '1980-10-21', 'default.jpg', '2020-05-07 11:59:51', '2020-05-07 11:59:51'),
(99, 'Roldan', 'Bromage', 'rbromage2q', 'yPoOSjJI1P', '984-324-7941', '030 Welch Street', '2009-03-06', 'default.jpg', '2020-05-07 11:59:51', '2020-05-07 11:59:51'),
(100, 'Carla', 'Hakewell', 'chakewell2r', 'jgHF3gcysCQM', '207-270-2257', '263 Dapin Circle', '1964-07-26', 'default.jpg', '2020-05-07 11:59:51', '2020-05-07 11:59:51'),
(101, 'Renard', 'Hounson', 'rhounson0', 'inU45FBfJq', '299-762-7100', '29 Waxwing Way', '1985-07-26', 'default.jpg', '2020-05-07 12:00:15', '2020-05-07 12:00:15'),
(102, 'Alyce', 'Izachik', 'aizachik1', 'a9J69hg9Ue', '959-846-1963', '0432 Monica Parkway', '2004-07-14', 'default.jpg', '2020-05-07 12:00:15', '2020-05-07 12:00:15'),
(103, 'Rorke', 'Minogue', 'rminogue2', '1yYPMtNl41GV', '865-561-8801', '979 Melrose Circle', '1999-10-12', 'default.jpg', '2020-05-07 12:00:15', '2020-05-07 12:00:15'),
(104, 'Neala', 'Ivakhnov', 'nivakhnov3', 'VflziU62eq', '250-141-0758', '9380 Spohn Parkway', '1969-01-20', 'default.jpg', '2020-05-07 12:00:15', '2020-05-07 12:00:15'),
(105, 'Cecily', 'Lamball', 'clamball4', 'TdK6GQYxPxD', '683-724-7423', '26 Blaine Point', '2010-10-17', 'default.jpg', '2020-05-07 12:00:15', '2020-05-07 12:00:15'),
(106, 'Anabel', 'Jobbins', 'ajobbins5', 'naJOTXnXP8', '857-544-4621', '35504 Butterfield Point', '2010-04-23', 'default.jpg', '2020-05-07 12:00:15', '2020-05-07 12:00:15'),
(107, 'Karee', 'Glaysher', 'kglaysher6', 'v2WNJSCueA', '851-622-8065', '9279 Crest Line Way', '2018-05-13', 'default.jpg', '2020-05-07 12:00:15', '2020-05-07 12:00:15'),
(108, 'Valentin', 'Doche', 'vdoche7', '6DNzdCl8', '996-447-8244', '68 Kipling Drive', '1960-05-29', 'default.jpg', '2020-05-07 12:00:15', '2020-05-07 12:00:15'),
(109, 'Lucian', 'Robiot', 'lrobiot8', 'NV0RLezE', '295-450-1271', '5919 Riverside Trail', '1983-12-19', 'default.jpg', '2020-05-07 12:00:15', '2020-05-07 12:00:15'),
(110, 'Kristine', 'Nunn', 'knunn9', '4qMa5FdT', '428-671-2490', '25817 Waubesa Alley', '2016-11-22', 'default.jpg', '2020-05-07 12:00:15', '2020-05-07 12:00:15'),
(111, 'Gan', 'Colchett', 'gcolchetta', 'Lb73zMjC3T', '482-853-0372', '6 Vahlen Parkway', '1987-10-12', 'default.jpg', '2020-05-07 12:00:15', '2020-05-07 12:00:15'),
(112, 'Calypso', 'Schruyer', 'cschruyerb', 'AxErOEGPV', '688-435-9486', '82839 Shelley Park', '1958-12-17', 'default.jpg', '2020-05-07 12:00:15', '2020-05-07 12:00:15'),
(113, 'Olivier', 'Klawi', 'oklawic', 'CsB0xrnfb', '971-734-4861', '275 Dahle Parkway', '1976-08-13', 'default.jpg', '2020-05-07 12:00:15', '2020-05-07 12:00:15'),
(114, 'Rad', 'Currom', 'rcurromd', 'qFgPjJnj0', '171-181-6679', '90083 Village Pass', '1951-02-22', 'default.jpg', '2020-05-07 12:00:15', '2020-05-07 12:00:15'),
(115, 'Natty', 'Hollows', 'nhollowse', 'u7EoS6', '256-237-6697', '705 Arkansas Junction', '2005-11-21', 'default.jpg', '2020-05-07 12:00:15', '2020-05-07 12:00:15'),
(116, 'Clovis', 'Chillistone', 'cchillistonef', 'CbGEvKubV', '546-443-3076', '868 Waubesa Lane', '2009-08-20', 'default.jpg', '2020-05-07 12:00:15', '2020-05-07 12:00:15'),
(117, 'Heall', 'Corsor', 'hcorsorg', 'hIovY4niSFI', '979-308-3487', '7 Manufacturers Plaza', '2018-08-25', 'default.jpg', '2020-05-07 12:00:15', '2020-05-07 12:00:15'),
(118, 'Geri', 'Giffin', 'ggiffinh', 'c17Ebrh', '135-365-3543', '61725 Twin Pines Way', '1995-08-09', 'default.jpg', '2020-05-07 12:00:15', '2020-05-07 12:00:15'),
(119, 'Normy', 'Tym', 'ntymi', 'fjXWjFOfpF1', '897-403-4627', '82 Jenna Trail', '1989-03-01', 'default.jpg', '2020-05-07 12:00:15', '2020-05-07 12:00:15'),
(120, 'Dare', 'Flowerden', 'dflowerdenj', '29EtJM3vQb', '939-483-6245', '40 Springview Point', '1986-04-10', 'default.jpg', '2020-05-07 12:00:15', '2020-05-07 12:00:15'),
(121, 'Merrilee', 'Evason', 'mevasonk', 'MUCnoWC7dhC', '472-321-8941', '911 Anthes Circle', '2003-01-20', 'default.jpg', '2020-05-07 12:00:15', '2020-05-07 12:00:15'),
(122, 'Brucie', 'Hartford', 'bhartfordl', 'z7DqF1', '656-482-9644', '6315 Main Park', '1954-08-16', 'default.jpg', '2020-05-07 12:00:15', '2020-05-07 12:00:15'),
(123, 'Natalee', 'Glasscock', 'nglasscockm', 'yHBXPQArElv', '851-700-9417', '343 Tennessee Pass', '2006-01-20', 'default.jpg', '2020-05-07 12:00:15', '2020-05-07 12:00:15'),
(124, 'Janine', 'Brandts', 'jbrandtsn', 'dAHmswsV', '618-108-2911', '176 Westerfield Point', '1990-08-02', 'default.jpg', '2020-05-07 12:00:15', '2020-05-07 12:00:15'),
(125, 'Brewer', 'Evill', 'bevillo', 'i23YsmQKR5', '367-776-3315', '036 Kinsman Trail', '1998-02-25', 'default.jpg', '2020-05-07 12:00:15', '2020-05-07 12:00:15'),
(126, 'Dorian', 'Fosdick', 'dfosdickp', '1P6ZLmSVx', '812-522-1543', '5 Arapahoe Trail', '2012-04-13', 'default.jpg', '2020-05-07 12:00:15', '2020-05-07 12:00:15'),
(127, 'Ezekiel', 'Shipperbottom', 'eshipperbottomq', 'wfYOtHirvr', '926-920-9988', '18081 Onsgard Street', '1997-04-17', 'default.jpg', '2020-05-07 12:00:15', '2020-05-07 12:00:15'),
(128, 'Killie', 'O\'Corrane', 'kocorraner', 'QgJ9WG6nK', '506-928-0227', '32009 Longview Road', '1991-11-04', 'default.jpg', '2020-05-07 12:00:15', '2020-05-07 12:00:15'),
(129, 'Willem', 'Lowings', 'wlowingss', 'JuAkLf6', '272-196-6571', '43 Namekagon Way', '1971-09-08', 'default.jpg', '2020-05-07 12:00:15', '2020-05-07 12:00:15'),
(130, 'Alaster', 'Pawnsford', 'apawnsfordt', '7zQiaJ65', '672-541-1515', '0 Rigney Plaza', '1963-09-01', 'default.jpg', '2020-05-07 12:00:15', '2020-05-07 12:00:15'),
(131, 'Rurik', 'Prangle', 'rprangleu', 'iQU359', '183-766-9078', '79 Waxwing Way', '1973-07-11', 'default.jpg', '2020-05-07 12:00:15', '2020-05-07 12:00:15'),
(132, 'Aloisia', 'Kornalik', 'akornalikv', 'qQM8d5', '964-427-5409', '49358 Ohio Terrace', '2000-11-28', 'default.jpg', '2020-05-07 12:00:15', '2020-05-07 12:00:15'),
(133, 'Obidiah', 'Neave', 'oneavew', '3eheMXZN1NMU', '814-164-4715', '32398 Surrey Pass', '1968-03-17', 'default.jpg', '2020-05-07 12:00:15', '2020-05-07 12:00:15'),
(134, 'Florrie', 'Horburgh', 'fhorburghx', 'xMq4i7', '599-546-8999', '5 Hagan Parkway', '1987-11-19', 'default.jpg', '2020-05-07 12:00:15', '2020-05-07 12:00:15'),
(135, 'Delaney', 'Avrahamian', 'davrahamiany', 'e4Wy9lGI4', '273-146-7350', '27 Wayridge Drive', '2006-11-13', 'default.jpg', '2020-05-07 12:00:15', '2020-05-07 12:00:15'),
(136, 'Andie', 'Longthorn', 'alongthornz', 'igLrwkX', '756-271-6585', '77 Fisk Trail', '1989-05-17', 'default.jpg', '2020-05-07 12:00:15', '2020-05-07 12:00:15'),
(137, 'Aleda', 'Grugerr', 'agrugerr10', 'vw8TyKfhWCAV', '168-642-8525', '0189 Anderson Hill', '2015-07-22', 'default.jpg', '2020-05-07 12:00:15', '2020-05-07 12:00:15'),
(138, 'Ase', 'Haggerwood', 'ahaggerwood11', 'Ch5G30KSmmk', '934-815-8510', '21348 Farragut Place', '1956-07-08', 'default.jpg', '2020-05-07 12:00:15', '2020-05-07 12:00:15'),
(139, 'Thayne', 'Berg', 'tberg12', 'zK2M05iPEI', '113-943-2386', '049 Nobel Street', '1975-06-27', 'default.jpg', '2020-05-07 12:00:15', '2020-05-07 12:00:15'),
(140, 'Warden', 'Spark', 'wspark13', 'FJACR8fnC', '100-444-5200', '0 Rutledge Road', '1973-05-08', 'default.jpg', '2020-05-07 12:00:15', '2020-05-07 12:00:15'),
(141, 'Chase', 'Tams', 'ctams14', 'NTlNidngcA', '510-645-8645', '7850 Randy Lane', '1992-03-19', 'default.jpg', '2020-05-07 12:00:15', '2020-05-07 12:00:15'),
(142, 'Philippe', 'Faunt', 'pfaunt15', 'KH5epC0Qck', '458-600-5119', '15 American Hill', '1995-08-30', 'default.jpg', '2020-05-07 12:00:15', '2020-05-07 12:00:15'),
(143, 'Gertie', 'Guidone', 'gguidone16', 'gP51JS', '997-498-6366', '92 Banding Circle', '1991-06-10', 'default.jpg', '2020-05-07 12:00:15', '2020-05-07 12:00:15'),
(144, 'Delmore', 'Cottrill', 'dcottrill17', 'QXqU1PYLs', '931-377-8029', '5 Morrow Drive', '1991-04-20', 'default.jpg', '2020-05-07 12:00:15', '2020-05-07 12:00:15'),
(145, 'Cinnamon', 'Roskruge', 'croskruge18', 'AZnk4oB', '509-804-6153', '2241 Sunfield Parkway', '1962-05-12', 'default.jpg', '2020-05-07 12:00:15', '2020-05-07 12:00:15'),
(146, 'Jami', 'Levecque', 'jlevecque19', 'HoR3a9BX5Nt', '174-730-0948', '51 Dahle Junction', '1978-05-16', 'default.jpg', '2020-05-07 12:00:15', '2020-05-07 12:00:15'),
(147, 'Joella', 'Wilprecht', 'jwilprecht1a', 'GlhBPSKfpDy', '429-473-8568', '5815 Melody Junction', '1981-05-24', 'default.jpg', '2020-05-07 12:00:15', '2020-05-07 12:00:15'),
(148, 'Brooks', 'Nicol', 'bnicol1b', 'WBmvLND26', '114-346-2382', '8189 Rigney Alley', '1990-08-23', 'default.jpg', '2020-05-07 12:00:15', '2020-05-07 12:00:15'),
(149, 'Isabelita', 'McGurk', 'imcgurk1c', 'TCHf68f', '885-197-6152', '55 Evergreen Road', '1984-11-06', 'default.jpg', '2020-05-07 12:00:15', '2020-05-07 12:00:15'),
(150, 'Natalie', 'Dunlap', 'ndunlap1d', 'm80AeKVLCIu', '525-148-1780', '64 Montana Plaza', '1971-12-10', 'default.jpg', '2020-05-07 12:00:15', '2020-05-07 12:00:15'),
(151, 'Austen', 'Lehrle', 'alehrle1e', 'EGEHZt89Moz', '448-846-5071', '9033 Vidon Drive', '1969-08-23', 'default.jpg', '2020-05-07 12:00:15', '2020-05-07 12:00:15'),
(152, 'Chrissie', 'Crumley', 'ccrumley1f', 'EyFAZG', '560-289-9739', '9298 Norway Maple Avenue', '1974-11-28', 'default.jpg', '2020-05-07 12:00:15', '2020-05-07 12:00:15'),
(153, 'Fin', 'Drabble', 'fdrabble1g', 'zdjgAn1VG', '539-277-9072', '34344 Oxford Terrace', '2016-04-08', 'default.jpg', '2020-05-07 12:00:15', '2020-05-07 12:00:15'),
(154, 'Peter', 'Jobbings', 'pjobbings1h', '75PRgua', '396-807-9863', '9708 Bluestem Alley', '1951-07-11', 'default.jpg', '2020-05-07 12:00:15', '2020-05-07 12:00:15'),
(155, 'Alessandra', 'Chidlow', 'achidlow1i', 'PLjSE9HE59r', '158-663-6592', '56584 Fairview Alley', '1975-02-14', 'default.jpg', '2020-05-07 12:00:15', '2020-05-07 12:00:15'),
(156, 'Spencer', 'Storah', 'sstorah1j', 'QmgoYbc', '497-604-7229', '62640 Brentwood Alley', '1989-06-04', 'default.jpg', '2020-05-07 12:00:15', '2020-05-07 12:00:15'),
(157, 'Ruperto', 'Yokelman', 'ryokelman1k', 'izZhh5', '723-272-2244', '7 Amoth Trail', '1964-03-22', 'default.jpg', '2020-05-07 12:00:15', '2020-05-07 12:00:15'),
(158, 'Matthieu', 'Wahncke', 'mwahncke1l', 'i22RncVw', '956-184-1616', '508 Utah Hill', '1987-12-24', 'default.jpg', '2020-05-07 12:00:15', '2020-05-07 12:00:15'),
(159, 'Justinn', 'Crack', 'jcrack1m', '8wZY9nvTDVYJ', '161-348-3129', '96363 Everett Hill', '1957-09-04', 'default.jpg', '2020-05-07 12:00:15', '2020-05-07 12:00:15'),
(160, 'Morly', 'Dufty', 'mdufty1n', 'rSpV1O', '835-210-1911', '130 Corben Parkway', '1957-05-16', 'default.jpg', '2020-05-07 12:00:15', '2020-05-07 12:00:15'),
(161, 'Kylynn', 'Leguay', 'kleguay1o', 'v8IJSi', '563-697-6799', '5598 6th Hill', '1992-01-13', 'default.jpg', '2020-05-07 12:00:15', '2020-05-07 12:00:15'),
(162, 'Basilius', 'Concannon', 'bconcannon1p', 'V7G31Arymb', '961-831-8974', '5743 Kipling Way', '1965-10-09', 'default.jpg', '2020-05-07 12:00:15', '2020-05-07 12:00:15'),
(163, 'Allyn', 'Dundridge', 'adundridge1q', 'P0XC1KMCse', '375-857-6478', '36712 Thompson Drive', '1966-12-31', 'default.jpg', '2020-05-07 12:00:15', '2020-05-07 12:00:15'),
(164, 'Ron', 'Ficken', 'rficken1r', 'TIVM14kKzh1c', '382-221-4239', '218 Pawling Alley', '1998-02-14', 'default.jpg', '2020-05-07 12:00:15', '2020-05-07 12:00:15'),
(165, 'Jens', 'Kynan', 'jkynan1s', 'pMQK1P7', '251-240-8358', '2 Macpherson Avenue', '1981-09-13', 'default.jpg', '2020-05-07 12:00:15', '2020-05-07 12:00:15'),
(166, 'Katharine', 'Shackel', 'kshackel1t', 'dVBuCsP', '760-236-1735', '15 Warner Junction', '1956-05-14', 'default.jpg', '2020-05-07 12:00:15', '2020-05-07 12:00:15'),
(167, 'Cybil', 'Smithies', 'csmithies1u', 'Yhy3l3', '921-410-2101', '73 Independence Center', '1997-12-22', 'default.jpg', '2020-05-07 12:00:15', '2020-05-07 12:00:15'),
(168, 'Berta', 'Merryweather', 'bmerryweather1v', 'zc8k6GrREjb', '705-518-5583', '3 Anthes Parkway', '1998-09-18', 'default.jpg', '2020-05-07 12:00:15', '2020-05-07 12:00:15'),
(169, 'Tobye', 'Quiddington', 'tquiddington1w', 'xYOK8nsQQRVM', '602-909-1577', '1072 Oakridge Lane', '1973-06-20', 'default.jpg', '2020-05-07 12:00:15', '2020-05-07 12:00:15'),
(170, 'Shellie', 'Olcot', 'solcot1x', 'T71JbD', '966-134-5044', '171 Kedzie Parkway', '1979-12-16', 'default.jpg', '2020-05-07 12:00:15', '2020-05-07 12:00:15'),
(171, 'Aaren', 'Sousa', 'asousa1y', 'lKWm884KQ', '289-321-8526', '1141 Stuart Pass', '1982-06-27', 'default.jpg', '2020-05-07 12:00:15', '2020-05-07 12:00:15'),
(172, 'Tilly', 'Wyse', 'twyse1z', 'eAKXreb', '255-527-9517', '2 Service Road', '1971-09-30', 'default.jpg', '2020-05-07 12:00:15', '2020-05-07 12:00:15'),
(173, 'Eudora', 'Cheley', 'echeley20', 'FWH15K2', '989-426-5235', '09 Morrow Crossing', '1953-10-22', 'default.jpg', '2020-05-07 12:00:15', '2020-05-07 12:00:15'),
(174, 'Adelina', 'McKendry', 'amckendry21', 'ymPO4KnIKi', '522-960-6639', '1 American Park', '1970-06-10', 'default.jpg', '2020-05-07 12:00:15', '2020-05-07 12:00:15'),
(175, 'Molly', 'Mc Caughen', 'mmccaughen22', 'jTGsdVf', '136-795-8448', '31475 Lighthouse Bay Way', '1974-04-07', 'default.jpg', '2020-05-07 12:00:15', '2020-05-07 12:00:15'),
(176, 'Reece', 'MacArdle', 'rmacardle23', 'IfkpxYToaSt', '140-684-5602', '45991 Lien Street', '2007-03-24', 'default.jpg', '2020-05-07 12:00:15', '2020-05-07 12:00:15'),
(177, 'Chris', 'Pistol', 'cpistol24', 'PQpC2sb', '753-265-1457', '91343 Magdeline Point', '1989-02-10', 'default.jpg', '2020-05-07 12:00:15', '2020-05-07 12:00:15'),
(178, 'Dick', 'Peers', 'dpeers25', 'wvNsJj', '101-631-0724', '8 Warbler Avenue', '1951-11-21', 'default.jpg', '2020-05-07 12:00:15', '2020-05-07 12:00:15'),
(179, 'Inger', 'Hedworth', 'ihedworth26', 'Uqbqe2abz8tu', '387-304-2575', '91747 Dorton Crossing', '1964-02-25', 'default.jpg', '2020-05-07 12:00:15', '2020-05-07 12:00:15'),
(180, 'Birdie', 'McCuthais', 'bmccuthais27', 'ig6vLP', '913-118-3514', '5445 Golden Leaf Park', '1995-04-16', 'default.jpg', '2020-05-07 12:00:15', '2020-05-07 12:00:15'),
(181, 'Herschel', 'Flament', 'hflament28', 'p2stnTTjBOag', '262-806-2195', '39 Village Terrace', '1967-08-11', 'default.jpg', '2020-05-07 12:00:15', '2020-05-07 12:00:15'),
(182, 'Barbey', 'Baglan', 'bbaglan29', 'zzKKzRtMcBiq', '680-428-0185', '475 Mifflin Avenue', '2009-09-07', 'default.jpg', '2020-05-07 12:00:15', '2020-05-07 12:00:15'),
(183, 'Giacomo', 'Pascho', 'gpascho2a', 'KJoT9K7', '605-124-8188', '146 Pleasure Park', '1965-11-07', 'default.jpg', '2020-05-07 12:00:15', '2020-05-07 12:00:15'),
(184, 'Jenifer', 'Kermeen', 'jkermeen2b', 'RbDEKhGn', '213-264-5754', '08 Rigney Hill', '1964-05-26', 'default.jpg', '2020-05-07 12:00:15', '2020-05-07 12:00:15'),
(185, 'Vanya', 'Grinsted', 'vgrinsted2c', 'mSjkST1', '865-551-0138', '5 Stephen Parkway', '1996-10-24', 'default.jpg', '2020-05-07 12:00:15', '2020-05-07 12:00:15'),
(186, 'Arabele', 'Haburne', 'ahaburne2d', 'TyIGnx2IgSR', '497-634-8270', '1 Sommers Terrace', '2013-08-01', 'default.jpg', '2020-05-07 12:00:15', '2020-05-07 12:00:15'),
(187, 'Shea', 'Dolbey', 'sdolbey2e', 'gHMxpVVD', '880-192-0383', '00262 Red Cloud Parkway', '1976-11-01', 'default.jpg', '2020-05-07 12:00:15', '2020-05-07 12:00:15'),
(188, 'Jonathan', 'Highnam', 'jhighnam2f', 'nGSSwVdHrt27', '486-590-9635', '94661 Dixon Trail', '2013-09-28', 'default.jpg', '2020-05-07 12:00:15', '2020-05-07 12:00:15'),
(189, 'Hurley', 'Huntley', 'hhuntley2g', '08u7yw', '890-537-0443', '8786 Shelley Junction', '1987-07-08', 'default.jpg', '2020-05-07 12:00:15', '2020-05-07 12:00:15'),
(190, 'Corly', 'Baudet', 'cbaudet2h', 'FhEqgVkIvkUH', '215-381-5940', '4693 Stone Corner Street', '1952-05-02', 'default.jpg', '2020-05-07 12:00:15', '2020-05-07 12:00:15'),
(191, 'Tracy', 'Thominga', 'tthominga2i', 'ncnccxpkql', '997-434-1356', '2083 International Terrace', '1982-04-24', 'default.jpg', '2020-05-07 12:00:15', '2020-05-07 12:00:15'),
(192, 'Alexandra', 'Paoloni', 'apaoloni2j', 'yMJSQAeV6xE', '607-429-1125', '1924 Weeping Birch Road', '1977-04-04', 'default.jpg', '2020-05-07 12:00:15', '2020-05-07 12:00:15'),
(193, 'Arliene', 'Akenhead', 'aakenhead2k', '4esVPLh', '420-126-0914', '74 Miller Road', '1958-11-04', 'default.jpg', '2020-05-07 12:00:15', '2020-05-07 12:00:15'),
(194, 'Dela', 'Hoston', 'dhoston2l', 'EIuqIO78yu', '309-455-3663', '413 Butternut Park', '1977-12-19', 'default.jpg', '2020-05-07 12:00:15', '2020-05-07 12:00:15'),
(195, 'Vite', 'Scoles', 'vscoles2m', 'ivjMvp2Mlpx', '960-343-1005', '80759 Hudson Pass', '2003-02-06', 'default.jpg', '2020-05-07 12:00:15', '2020-05-07 12:00:15'),
(196, 'Aleda', 'Tapping', 'atapping2n', 'LoX9m3', '573-254-1759', '652 Del Sol Way', '1952-01-23', 'default.jpg', '2020-05-07 12:00:15', '2020-05-07 12:00:15'),
(197, 'Artur', 'Trembath', 'atrembath2o', 'zVf6KK6p', '259-469-5665', '007 Express Plaza', '2008-01-22', 'default.jpg', '2020-05-07 12:00:15', '2020-05-07 12:00:15'),
(198, 'Rafaelita', 'Muzzi', 'rmuzzi2p', 'vWv1cq37CjPE', '813-673-2712', '223 Farragut Plaza', '1992-09-29', 'default.jpg', '2020-05-07 12:00:15', '2020-05-07 12:00:15'),
(199, 'Karlis', 'Bohills', 'kbohills2q', 'rgT88F2lL8f', '169-555-6215', '119 Maple Way', '1991-08-23', 'default.jpg', '2020-05-07 12:00:15', '2020-05-07 12:00:15'),
(200, 'Rosy', 'Sotheron', 'rsotheron2r', 'Wqj2JKM', '788-978-4616', '5 Eagan Trail', '2005-09-12', 'default.jpg', '2020-05-07 12:00:15', '2020-05-07 12:00:15'),
(201, 'Augusta', 'Fernanando', 'afernanando0', 'pFj7OIvWOyZ8', '636-525-9668', '7 Lerdahl Place', '1959-02-22', 'default.jpg', '2020-05-07 12:00:32', '2020-05-07 12:00:32'),
(202, 'Mary', 'Demschke', 'mdemschke1', 'sQgc9hdSho', '683-992-8623', '03 Michigan Point', '1968-12-20', 'default.jpg', '2020-05-07 12:00:32', '2020-05-07 12:00:32'),
(203, 'Perle', 'Polini', 'ppolini2', 'ZkiZmhmqEGTS', '353-665-1038', '1 Amoth Plaza', '1953-09-13', 'default.jpg', '2020-05-07 12:00:32', '2020-05-07 12:00:32'),
(204, 'Josee', 'Kubicka', 'jkubicka3', '1c2nzubXd', '408-933-7518', '171 Dottie Parkway', '1963-05-11', 'default.jpg', '2020-05-07 12:00:32', '2020-05-07 12:00:32'),
(205, 'Jamaal', 'Basil', 'jbasil4', 'As02hFlllid', '226-773-0729', '519 5th Hill', '2003-10-22', 'default.jpg', '2020-05-07 12:00:32', '2020-05-07 12:00:32'),
(206, 'Filberto', 'Eakle', 'feakle5', '9E1nmsq4IA9t', '457-332-7125', '9 Independence Circle', '1957-10-03', 'default.jpg', '2020-05-07 12:00:32', '2020-05-07 12:00:32'),
(207, 'Frieda', 'Jiruca', 'fjiruca6', 'S7837uk6WQLf', '668-600-5235', '3 Lake View Court', '1974-11-10', 'default.jpg', '2020-05-07 12:00:32', '2020-05-07 12:00:32'),
(208, 'Carol', 'Founds', 'cfounds7', '3DY4PAQX', '719-863-4522', '52089 Meadow Valley Parkway', '1959-02-09', 'default.jpg', '2020-05-07 12:00:32', '2020-05-07 12:00:32'),
(209, 'Cece', 'De Cleyne', 'cdecleyne8', 'jYZhRWDu', '198-488-1413', '0221 Weeping Birch Center', '1995-09-19', 'default.jpg', '2020-05-07 12:00:32', '2020-05-07 12:00:32'),
(210, 'Karole', 'McGinly', 'kmcginly9', 'n3jei4kSA', '551-494-2083', '9 Thackeray Park', '1978-07-20', 'default.jpg', '2020-05-07 12:00:32', '2020-05-07 12:00:32'),
(211, 'Myrah', 'Probart', 'mprobarta', 'BKQG4yPVxgzK', '843-497-6667', '36575 Orin Circle', '1955-08-01', 'default.jpg', '2020-05-07 12:00:32', '2020-05-07 12:00:32'),
(212, 'Larisa', 'Arnison', 'larnisonb', 'y9INzQNI2R3e', '916-747-0789', '81763 Mandrake Way', '2004-03-16', 'default.jpg', '2020-05-07 12:00:32', '2020-05-07 12:00:32'),
(213, 'Archie', 'Gosselin', 'agosselinc', '9Ef7BQ4ri', '960-172-1190', '37 Artisan Park', '1961-04-12', 'default.jpg', '2020-05-07 12:00:32', '2020-05-07 12:00:32'),
(214, 'Boonie', 'Ferrettino', 'bferrettinod', 'gJbrDgiZh2', '445-109-9535', '902 Westend Plaza', '2000-06-23', 'default.jpg', '2020-05-07 12:00:32', '2020-05-07 12:00:32'),
(215, 'Stephie', 'Sambeck', 'ssambecke', 'GRVyypC7awV', '283-389-0181', '20 7th Park', '2009-01-31', 'default.jpg', '2020-05-07 12:00:32', '2020-05-07 12:00:32'),
(216, 'Brooks', 'Bohlmann', 'bbohlmannf', 'l3C95vca', '206-719-7355', '28403 Bayside Drive', '1963-11-11', 'default.jpg', '2020-05-07 12:00:32', '2020-05-07 12:00:32'),
(217, 'Fredric', 'Nicolson', 'fnicolsong', 'Mni8Qt6cYWj', '654-770-6568', '2260 Russell Pass', '1999-10-24', 'default.jpg', '2020-05-07 12:00:32', '2020-05-07 12:00:32'),
(218, 'Lesley', 'Folliss', 'lfollissh', 'uGBoIy1vuzv', '184-701-0009', '794 Crest Line Park', '1969-06-01', 'default.jpg', '2020-05-07 12:00:32', '2020-05-07 12:00:32'),
(219, 'Ester', 'Castanos', 'ecastanosi', 'JneAP5', '172-962-3496', '4 Walton Avenue', '1988-02-28', 'default.jpg', '2020-05-07 12:00:32', '2020-05-07 12:00:32'),
(220, 'Dayle', 'O\' Faherty', 'dofahertyj', 'hbw15YD', '746-696-7687', '810 Arapahoe Point', '1963-08-25', 'default.jpg', '2020-05-07 12:00:32', '2020-05-07 12:00:32'),
(221, 'Hanna', 'Gelly', 'hgellyk', 'Eli5cg', '209-588-9313', '76487 Hanson Crossing', '1973-02-01', 'default.jpg', '2020-05-07 12:00:32', '2020-05-07 12:00:32'),
(222, 'Tersina', 'Stearn', 'tstearnl', 'sJqeo5m7K7Lm', '597-178-2879', '7 Anniversary Drive', '2009-02-04', 'default.jpg', '2020-05-07 12:00:32', '2020-05-07 12:00:32'),
(223, 'Remus', 'Cormode', 'rcormodem', 'hWNgpe', '711-593-2997', '47089 Stephen Drive', '1976-09-17', 'default.jpg', '2020-05-07 12:00:32', '2020-05-07 12:00:32'),
(224, 'Sheelah', 'Gossington', 'sgossingtonn', 'ks2Syxevw4F', '886-924-3416', '03493 Coolidge Circle', '1978-08-17', 'default.jpg', '2020-05-07 12:00:32', '2020-05-07 12:00:32'),
(225, 'Devlen', 'Orhtmann', 'dorhtmanno', 'a5LUQ9no', '656-840-0809', '3 Lakewood Center', '1959-01-23', 'default.jpg', '2020-05-07 12:00:32', '2020-05-07 12:00:32'),
(226, 'Sean', 'Alonso', 'salonsop', 'DJPW8UlxPGJ', '448-803-0018', '24 Toban Plaza', '1997-04-30', 'default.jpg', '2020-05-07 12:00:32', '2020-05-07 12:00:32'),
(227, 'Rriocard', 'Kabisch', 'rkabischq', 'keU98C95i', '561-678-3704', '960 Everett Crossing', '1969-01-05', 'default.jpg', '2020-05-07 12:00:32', '2020-05-07 12:00:32'),
(228, 'Vickie', 'Maven', 'vmavenr', '7Kikym', '430-428-8424', '49 Cordelia Pass', '1959-03-27', 'default.jpg', '2020-05-07 12:00:32', '2020-05-07 12:00:32'),
(229, 'Merle', 'Guerry', 'mguerrys', '1DtoHJmLpAU', '747-155-4933', '02 Monica Alley', '1980-12-13', 'default.jpg', '2020-05-07 12:00:32', '2020-05-07 12:00:32'),
(230, 'Antons', 'Croux', 'acrouxt', 'ruYStKPgh', '845-794-7291', '2802 Havey Point', '1985-05-21', 'default.jpg', '2020-05-07 12:00:32', '2020-05-07 12:00:32'),
(231, 'Malia', 'Connow', 'mconnowu', 'eUXMbG', '461-602-2362', '55 Steensland Court', '1980-10-15', 'default.jpg', '2020-05-07 12:00:32', '2020-05-07 12:00:32'),
(232, 'Mercie', 'Benoi', 'mbenoiv', 'Sjm1WoIY', '238-293-7568', '23840 Talmadge Court', '1966-11-27', 'default.jpg', '2020-05-07 12:00:32', '2020-05-07 12:00:32'),
(233, 'Linus', 'Guerreau', 'lguerreauw', 'ACEOuvkoW', '387-481-4389', '9164 Brentwood Crossing', '1952-08-14', 'default.jpg', '2020-05-07 12:00:32', '2020-05-07 12:00:32'),
(234, 'Mose', 'Stowgill', 'mstowgillx', 'F6LiEltUH5sR', '832-186-8750', '6 Bunting Terrace', '1952-12-26', 'default.jpg', '2020-05-07 12:00:32', '2020-05-07 12:00:32'),
(235, 'Freida', 'Wyrall', 'fwyrally', 'xulPyrm', '946-822-6270', '229 Eliot Point', '1963-02-26', 'default.jpg', '2020-05-07 12:00:32', '2020-05-07 12:00:32'),
(236, 'Hayley', 'Verrier', 'hverrierz', 'gPJFWWQ', '160-756-3790', '9252 Rutledge Avenue', '1995-05-13', 'default.jpg', '2020-05-07 12:00:32', '2020-05-07 12:00:32'),
(237, 'Ezekiel', 'Grummitt', 'egrummitt10', '7AzYrXAF', '998-547-8829', '3682 Fremont Point', '2002-02-10', 'default.jpg', '2020-05-07 12:00:32', '2020-05-07 12:00:32'),
(238, 'Caryl', 'Neward', 'cneward11', '3TGtR5e0bWIV', '615-966-6838', '3 Del Sol Center', '1959-02-23', 'default.jpg', '2020-05-07 12:00:32', '2020-05-07 12:00:32'),
(239, 'Raeann', 'Streader', 'rstreader12', 'LQQgCXxKzaPV', '554-178-9638', '19443 Colorado Trail', '1994-06-11', 'default.jpg', '2020-05-07 12:00:32', '2020-05-07 12:00:32'),
(240, 'Doy', 'St. Hill', 'dsthill13', 'YQtTQi', '861-981-7746', '8597 Pearson Parkway', '1979-10-11', 'default.jpg', '2020-05-07 12:00:32', '2020-05-07 12:00:32'),
(241, 'Ardith', 'Kleeborn', 'akleeborn14', 'WsQVD2hDt05', '484-360-3534', '8607 Gulseth Trail', '1966-05-28', 'default.jpg', '2020-05-07 12:00:32', '2020-05-07 12:00:32'),
(242, 'Gabriel', 'Roullier', 'groullier15', 'iVMEnvUbk', '244-559-4020', '7036 Anderson Avenue', '1994-06-16', 'default.jpg', '2020-05-07 12:00:32', '2020-05-07 12:00:32'),
(243, 'Hana', 'Rohan', 'hrohan16', 'vTOkA32Ma5UF', '419-697-8082', '1385 Dottie Circle', '1999-05-15', 'default.jpg', '2020-05-07 12:00:32', '2020-05-07 12:00:32'),
(244, 'Amalie', 'Haydon', 'ahaydon17', 'B3gxChk', '838-992-1079', '8 Spenser Lane', '1987-01-07', 'default.jpg', '2020-05-07 12:00:32', '2020-05-07 12:00:32'),
(245, 'Blake', 'Portsmouth', 'bportsmouth18', '5T82Yl8Rc', '358-677-6509', '3 Meadow Ridge Pass', '2009-09-25', 'default.jpg', '2020-05-07 12:00:32', '2020-05-07 12:00:32'),
(246, 'Charlean', 'Rhead', 'crhead19', 'dJqWjRgf', '188-122-0459', '357 Anzinger Trail', '1973-05-23', 'default.jpg', '2020-05-07 12:00:32', '2020-05-07 12:00:32'),
(247, 'Montague', 'Havenhand', 'mhavenhand1a', 'd02QPv6X', '382-378-3982', '83509 Dahle Park', '2015-08-25', 'default.jpg', '2020-05-07 12:00:32', '2020-05-07 12:00:32'),
(248, 'Rayshell', 'Scotting', 'rscotting1b', 'RZr7DbZHW', '354-467-6216', '821 Mcguire Hill', '1961-03-08', 'default.jpg', '2020-05-07 12:00:32', '2020-05-07 12:00:32'),
(249, 'Kimball', 'Biggans', 'kbiggans1c', 'UXJObQw', '746-620-3891', '629 Prairieview Circle', '2014-03-27', 'default.jpg', '2020-05-07 12:00:32', '2020-05-07 12:00:32'),
(250, 'Chandal', 'McCabe', 'cmccabe1d', 'yJ8Cr0', '980-971-0030', '489 Duke Pass', '1969-07-13', 'default.jpg', '2020-05-07 12:00:32', '2020-05-07 12:00:32'),
(251, 'Fallon', 'Bleue', 'fbleue1e', 'eouSMa', '388-598-3824', '2497 Springs Court', '2019-09-09', 'default.jpg', '2020-05-07 12:00:32', '2020-05-07 12:00:32'),
(252, 'Gabie', 'Willson', 'gwillson1f', 'mi6qDzqbkL', '238-499-6986', '576 Holy Cross Center', '2016-05-19', 'default.jpg', '2020-05-07 12:00:32', '2020-05-07 12:00:32'),
(253, 'Pattin', 'Eliesco', 'peliesco1g', '9YdFDDPVrPtU', '190-124-6229', '1 Cardinal Crossing', '1959-07-03', 'default.jpg', '2020-05-07 12:00:32', '2020-05-07 12:00:32'),
(254, 'Garald', 'Bluck', 'gbluck1h', '7lKLipen', '386-344-4430', '24 Elka Avenue', '1985-01-13', 'default.jpg', '2020-05-07 12:00:32', '2020-05-07 12:00:32'),
(255, 'Jemmie', 'Mordie', 'jmordie1i', 'EEJ70BOt', '639-552-1657', '0 Melvin Pass', '1996-03-13', 'default.jpg', '2020-05-07 12:00:32', '2020-05-07 12:00:32'),
(256, 'Evaleen', 'Bamlett', 'ebamlett1j', 'X5ibwDGbtV', '764-146-4856', '70 Express Pass', '1969-01-21', 'default.jpg', '2020-05-07 12:00:32', '2020-05-07 12:00:32'),
(257, 'Langsdon', 'Lubeck', 'llubeck1k', 'pnGOh7i8', '187-507-1115', '43085 Trailsway Road', '1989-11-13', 'default.jpg', '2020-05-07 12:00:32', '2020-05-07 12:00:32'),
(258, 'Bobby', 'Aukland', 'baukland1l', 'IitYnJAp', '948-169-5622', '48 Meadow Vale Circle', '1951-08-15', 'default.jpg', '2020-05-07 12:00:32', '2020-05-07 12:00:32'),
(259, 'Boot', 'Greatbank', 'bgreatbank1m', 'g6X0NR', '276-320-6284', '14 Spaight Crossing', '2000-11-25', 'default.jpg', '2020-05-07 12:00:32', '2020-05-07 12:00:32'),
(260, 'Bern', 'Harlick', 'bharlick1n', 'VDjsmQu', '378-387-2639', '5726 Melrose Park', '1997-05-02', 'default.jpg', '2020-05-07 12:00:32', '2020-05-07 12:00:32'),
(261, 'Lek', 'Brickhill', 'lbrickhill1o', 'D6Wiftw', '622-737-0036', '3 Bartillon Center', '1957-08-16', 'default.jpg', '2020-05-07 12:00:32', '2020-05-07 12:00:32'),
(262, 'Darya', 'Brettor', 'dbrettor1p', 'W89lloh3S', '329-551-3857', '0 East Terrace', '2014-10-19', 'default.jpg', '2020-05-07 12:00:32', '2020-05-07 12:00:32'),
(263, 'Olenolin', 'Goggin', 'ogoggin1q', 'eRHb9SeHsZo', '846-530-5879', '08439 Autumn Leaf Center', '1997-02-11', 'default.jpg', '2020-05-07 12:00:32', '2020-05-07 12:00:32'),
(264, 'Janeczka', 'Dawley', 'jdawley1r', 'fc02b4eWX', '289-338-6373', '6 Kensington Circle', '1990-07-13', 'default.jpg', '2020-05-07 12:00:32', '2020-05-07 12:00:32'),
(265, 'Gabe', 'Karlsson', 'gkarlsson1s', 'uPkyGkXH5V', '181-239-7255', '6518 Gerald Center', '1999-11-03', 'default.jpg', '2020-05-07 12:00:32', '2020-05-07 12:00:32'),
(266, 'Virge', 'Landman', 'vlandman1t', 'RXzYz1Ok97z', '735-783-7304', '58 Upham Lane', '1993-04-02', 'default.jpg', '2020-05-07 12:00:32', '2020-05-07 12:00:32'),
(267, 'Obadias', 'Cantos', 'ocantos1u', '0ROOsJY', '239-299-0317', '6467 Morning Drive', '2015-09-03', 'default.jpg', '2020-05-07 12:00:32', '2020-05-07 12:00:32'),
(268, 'Maddalena', 'Houdhury', 'mhoudhury1v', 'MiLMpWwv', '108-892-2231', '524 Merrick Center', '1952-10-29', 'default.jpg', '2020-05-07 12:00:32', '2020-05-07 12:00:32'),
(269, 'Paquito', 'Learmouth', 'plearmouth1w', 'MHaIVj', '772-453-2615', '86 Bayside Place', '1955-12-13', 'default.jpg', '2020-05-07 12:00:32', '2020-05-07 12:00:32'),
(270, 'Derron', 'Bidnall', 'dbidnall1x', 'SIJhb6QB', '779-809-7996', '87 Novick Alley', '1986-11-14', 'default.jpg', '2020-05-07 12:00:32', '2020-05-07 12:00:32'),
(271, 'Colver', 'Joffe', 'cjoffe1y', 'cldyDIW65', '694-195-1533', '867 Luster Place', '2004-09-08', 'default.jpg', '2020-05-07 12:00:32', '2020-05-07 12:00:32'),
(272, 'Ursulina', 'Barkway', 'ubarkway1z', '4XEjs5S', '280-539-5989', '371 Straubel Alley', '1967-11-10', 'default.jpg', '2020-05-07 12:00:32', '2020-05-07 12:00:32'),
(273, 'Amelita', 'Duchesne', 'aduchesne20', 'UDGhwf', '625-945-7204', '2687 Rieder Lane', '1987-07-28', 'default.jpg', '2020-05-07 12:00:32', '2020-05-07 12:00:32'),
(274, 'Emlen', 'Wedgbrow', 'ewedgbrow21', 'FdTaZ9ZsH7C', '863-626-5824', '749 Village Point', '1955-06-13', 'default.jpg', '2020-05-07 12:00:32', '2020-05-07 12:00:32'),
(275, 'Sigfried', 'Grushin', 'sgrushin22', '1HzraCXYWvlW', '268-473-8845', '948 Gale Trail', '2004-09-26', 'default.jpg', '2020-05-07 12:00:32', '2020-05-07 12:00:32'),
(276, 'Gay', 'Lumb', 'glumb23', 'heYoGLiT', '880-854-8209', '0 Westridge Junction', '1959-09-09', 'default.jpg', '2020-05-07 12:00:32', '2020-05-07 12:00:32'),
(277, 'Leila', 'Ciccottio', 'lciccottio24', 'U0BWeMO7w', '567-360-4037', '1726 Mallard Hill', '1956-11-25', 'default.jpg', '2020-05-07 12:00:32', '2020-05-07 12:00:32'),
(278, 'Genvieve', 'Seabrocke', 'gseabrocke25', 'rbp2pohRG', '902-356-8356', '89 Michigan Center', '2007-02-07', 'default.jpg', '2020-05-07 12:00:32', '2020-05-07 12:00:32'),
(279, 'Dolores', 'McIlory', 'dmcilory26', 'dGMSTswZWMb', '717-524-8180', '73371 Dayton Hill', '1971-11-23', 'default.jpg', '2020-05-07 12:00:32', '2020-05-07 12:00:32'),
(280, 'Nicky', 'Hudspith', 'nhudspith27', 'Vg3hxlb6w', '931-580-5533', '843 Oriole Pass', '2004-08-04', 'default.jpg', '2020-05-07 12:00:32', '2020-05-07 12:00:32'),
(281, 'Kate', 'Moxom', 'kmoxom28', 'OzzVfLM', '215-796-3987', '944 7th Pass', '1978-09-26', 'default.jpg', '2020-05-07 12:00:32', '2020-05-07 12:00:32'),
(282, 'Kirstin', 'Kinnoch', 'kkinnoch29', 'serWtn', '957-220-7740', '4113 Elmside Road', '2018-04-16', 'default.jpg', '2020-05-07 12:00:32', '2020-05-07 12:00:32'),
(283, 'Maure', 'Roarty', 'mroarty2a', 'sFty6Nk', '206-645-4783', '7645 Clemons Junction', '2018-10-21', 'default.jpg', '2020-05-07 12:00:32', '2020-05-07 12:00:32'),
(284, 'Yulma', 'Davidsohn', 'ydavidsohn2b', 'qeaMAl', '546-899-2022', '856 North Drive', '1961-01-17', 'default.jpg', '2020-05-07 12:00:32', '2020-05-07 12:00:32'),
(285, 'Nedi', 'Dumphrey', 'ndumphrey2c', 'Vbl75j', '198-535-4359', '29343 Mifflin Parkway', '2000-03-22', 'default.jpg', '2020-05-07 12:00:32', '2020-05-07 12:00:32'),
(286, 'Tonnie', 'Kubicek', 'tkubicek2d', 'hXBBDFHEO0w', '758-439-4336', '3741 Everett Point', '1984-03-18', 'default.jpg', '2020-05-07 12:00:32', '2020-05-07 12:00:32'),
(287, 'Bryon', 'Torrent', 'btorrent2e', 'LYDNzTTC', '234-372-8608', '30093 Evergreen Lane', '1959-08-06', 'default.jpg', '2020-05-07 12:00:32', '2020-05-07 12:00:32'),
(288, 'Claire', 'Varcoe', 'cvarcoe2f', 'QhDLyxYi', '507-550-2304', '56967 Havey Avenue', '2019-03-30', 'default.jpg', '2020-05-07 12:00:32', '2020-05-07 12:00:32'),
(289, 'Bondie', 'Clarycott', 'bclarycott2g', 'a6kDSYJ', '477-468-0839', '802 Fallview Circle', '1980-09-18', 'default.jpg', '2020-05-07 12:00:32', '2020-05-07 12:00:32'),
(290, 'Abbot', 'Newlan', 'anewlan2h', 'rkWnL2Z', '104-575-0627', '90160 Mayer Court', '2004-10-02', 'default.jpg', '2020-05-07 12:00:32', '2020-05-07 12:00:32'),
(291, 'Viola', 'Leipold', 'vleipold2i', 'kIiHUxT', '695-773-2199', '13 Chive Parkway', '1951-09-22', 'default.jpg', '2020-05-07 12:00:32', '2020-05-07 12:00:32'),
(292, 'Dacy', 'Idle', 'didle2j', 'YR6FhGyqf', '926-770-1795', '4 Caliangt Street', '2015-04-21', 'default.jpg', '2020-05-07 12:00:32', '2020-05-07 12:00:32'),
(293, 'Prudy', 'Moralee', 'pmoralee2k', 'FoGeBpay4I', '998-746-0542', '94493 Sycamore Parkway', '2012-09-16', 'default.jpg', '2020-05-07 12:00:32', '2020-05-07 12:00:32'),
(294, 'Niko', 'Keast', 'nkeast2l', '771OGPKhni', '664-813-6823', '6269 Prairieview Hill', '2006-03-07', 'default.jpg', '2020-05-07 12:00:32', '2020-05-07 12:00:32'),
(295, 'Noak', 'Piken', 'npiken2m', 'RkZOqz5An', '505-725-4270', '0935 Troy Way', '1963-09-21', 'default.jpg', '2020-05-07 12:00:32', '2020-05-07 12:00:32'),
(296, 'Sile', 'Piletic', 'spiletic2n', 'tuEiBgJY5', '341-949-9314', '8310 Dixon Trail', '2017-08-29', 'default.jpg', '2020-05-07 12:00:32', '2020-05-07 12:00:32'),
(297, 'Bertie', 'Worthing', 'bworthing2o', 'jdIh1BrQx3NI', '560-694-1561', '92789 Lakeland Alley', '1971-03-05', 'default.jpg', '2020-05-07 12:00:32', '2020-05-07 12:00:32'),
(298, 'Booth', 'De Moreno', 'bdemoreno2p', '3Y6rHikm', '939-420-0590', '5 Barnett Park', '1953-08-13', 'default.jpg', '2020-05-07 12:00:32', '2020-05-07 12:00:32'),
(299, 'Axel', 'Happs', 'ahapps2q', 'zSXj6o6', '682-688-4396', '51 Dryden Plaza', '1955-03-15', 'default.jpg', '2020-05-07 12:00:32', '2020-05-07 12:00:32'),
(300, 'Leif', 'Todeo', 'ltodeo2r', 'nsOtcG1pi3', '846-559-1264', '5 Kedzie Alley', '1989-09-30', 'default.jpg', '2020-05-07 12:00:32', '2020-05-07 12:00:32');

-- --------------------------------------------------------

--
-- Table structure for table `topics`
--

CREATE TABLE `topics` (
  `id` int(11) NOT NULL,
  `title` text NOT NULL,
  `description` text NOT NULL,
  `speaker_id` int(11) NOT NULL,
  `training_id` int(11) NOT NULL,
  `start` datetime NOT NULL,
  `end` datetime NOT NULL,
  `created_at` timestamp NOT NULL DEFAULT current_timestamp(),
  `updated_at` timestamp NOT NULL DEFAULT current_timestamp() ON UPDATE current_timestamp()
) ENGINE=InnoDB DEFAULT CHARSET=utf8mb4;

-- --------------------------------------------------------

--
-- Table structure for table `training`
--

CREATE TABLE `training` (
  `id` int(11) NOT NULL,
  `name` varchar(255) NOT NULL,
  `description` text NOT NULL,
  `location` varchar(255) NOT NULL,
  `image` varchar(255) DEFAULT 'default.jpg',
  `start` timestamp NOT NULL DEFAULT current_timestamp(),
  `end` timestamp NOT NULL DEFAULT current_timestamp(),
  `created_at` timestamp NOT NULL DEFAULT current_timestamp(),
  `updated_at` timestamp NOT NULL DEFAULT current_timestamp() ON UPDATE current_timestamp()
) ENGINE=InnoDB DEFAULT CHARSET=utf8mb4;

--
-- Dumping data for table `training`
--

INSERT INTO `training` (`id`, `name`, `description`, `location`, `image`, `start`, `end`, `created_at`, `updated_at`) VALUES
(2, 'Science Fair 2021', 'Lorem Ipsum is simply dummy text of the printing and typesetting industry.', 'Baler, Aurora 3200', 'default.jpg', '2020-03-01 01:00:00', '2020-03-31 13:00:00', '2020-03-07 04:25:43', '2020-03-07 05:23:39');

--
-- Indexes for dumped tables
--

--
-- Indexes for table `admin`
--
ALTER TABLE `admin`
  ADD PRIMARY KEY (`id`);

--
-- Indexes for table `notification`
--
ALTER TABLE `notification`
  ADD PRIMARY KEY (`id`);

--
-- Indexes for table `participants`
--
ALTER TABLE `participants`
  ADD PRIMARY KEY (`id`);

--
-- Indexes for table `speaker`
--
ALTER TABLE `speaker`
  ADD PRIMARY KEY (`id`);

--
-- Indexes for table `student`
--
ALTER TABLE `student`
  ADD PRIMARY KEY (`id`);

--
-- Indexes for table `topics`
--
ALTER TABLE `topics`
  ADD PRIMARY KEY (`id`);

--
-- Indexes for table `training`
--
ALTER TABLE `training`
  ADD PRIMARY KEY (`id`);

--
-- AUTO_INCREMENT for dumped tables
--

--
-- AUTO_INCREMENT for table `admin`
--
ALTER TABLE `admin`
  MODIFY `id` int(11) NOT NULL AUTO_INCREMENT, AUTO_INCREMENT=2;

--
-- AUTO_INCREMENT for table `notification`
--
ALTER TABLE `notification`
  MODIFY `id` int(11) NOT NULL AUTO_INCREMENT, AUTO_INCREMENT=2;

--
-- AUTO_INCREMENT for table `participants`
--
ALTER TABLE `participants`
  MODIFY `id` int(11) NOT NULL AUTO_INCREMENT, AUTO_INCREMENT=101;

--
-- AUTO_INCREMENT for table `speaker`
--
ALTER TABLE `speaker`
  MODIFY `id` int(11) NOT NULL AUTO_INCREMENT, AUTO_INCREMENT=101;

--
-- AUTO_INCREMENT for table `student`
--
ALTER TABLE `student`
  MODIFY `id` int(11) NOT NULL AUTO_INCREMENT, AUTO_INCREMENT=301;

--
-- AUTO_INCREMENT for table `topics`
--
ALTER TABLE `topics`
  MODIFY `id` int(11) NOT NULL AUTO_INCREMENT, AUTO_INCREMENT=4;

--
-- AUTO_INCREMENT for table `training`
--
ALTER TABLE `training`
  MODIFY `id` int(11) NOT NULL AUTO_INCREMENT, AUTO_INCREMENT=3;
COMMIT;

/*!40101 SET CHARACTER_SET_CLIENT=@OLD_CHARACTER_SET_CLIENT */;
/*!40101 SET CHARACTER_SET_RESULTS=@OLD_CHARACTER_SET_RESULTS */;
/*!40101 SET COLLATION_CONNECTION=@OLD_COLLATION_CONNECTION */;
